"1","Barut","1","1","-0.325588","36.054533"
"2","London","3","1","-0.270000","36.056002"
"3","Kaptembwo","4","1","-0.291716","36.029526"
"4","Kapkures","5","1","-0.279174","36.002691"
"5","Rhoda","6","1","-0.314431","36.062158"
"6","Shabab","7","1","-0.296707","36.058888"
"7","Biashara","8","1","-0.293789","36.070132"
"8","Kivumbini","9","1","-0.293386","36.092058"
"9","Langa Langa","10","1","-0.307731","36.071673"
"10","Menengai","11","1","-0.276265","36.094776"
"11","Nakuru East","12","1","-0.291353","36.127381"
"12","Dundori","13","1","-0.251106","36.238675"
"14","Kabatini","14","0","-0.196863","36.147523"
"15","Kiamaina","15","1","-0.229910","36.116174"
"16","Lanet/Umoja","16","1","-0.288094","36.157190"
"17","Bahati Ward","17","1","-0.156652","36.146393"
"18","Menengai West","18","1","-0.213431","35.952499"
"19","Soin","19","1","-0.066667","35.983333"
"20","Visoi","20","1","-0.171524","35.895767"
"21","Mosop","21","1","-0.245285","35.826507"
"22","Solai","22","1","0.002824","36.155898"
"23","Waseges/Munanda","23","1","-0.034195","36.195145"
"24","Subukia Ward","24","1","0.078235","36.243532"
"25","Kabazi/Mogamano","25","1","-0.077167","36.168355"
"26","Mau Narok","26","1","-0.597170","36.007806"
"27","Mauche","27","1","-0.503026","35.974235"
"28","Kihingo","28","1","-0.490530","36.040518"
"29","Nessuit","29","1","-0.386844","35.888345"
"30","Lare","32","1","-0.412340","36.001812"
"31","Njoro Ward","33","1","-0.331626","35.944938"
"32","Mariashoni","34","1","-0.357808","35.816235"
"33","Elburgon","35","1","-0.300000","35.816667"
"34","Turi","36","1","-0.278477","35.759253"
"35","Molo Ward","37","1","-0.249608","35.736934"
"36","Gil Gil Ward","38","1","-0.484931","36.311932"
"37","Elementaita","39","1","-0.683333","36.083333"
"38","Mbaruk/Eburu","40","1","-0.559497","36.152971"
"39","Malewa West","41","1","-0.686875","36.387721"
"40","Murindati","42","1","-0.539921","36.363298"
"41","Amalo","43","1","-0.592994","35.685546"
"42","Keringet","44","1","-0.426076","35.690170"
"43","Kiptagich","45","1","-0.572052","35.614897"
"44","Tinet","46","1","-0.482159","35.613642"
"45","Kiptororo","47","1","-0.372601","35.512673"
"46","Nyota","50","1","-0.349114","35.689934"
"47","Sirikwa","51","1","-0.196657","35.593890"
"48","Kamara","52","1","-0.089521","35.675075"
"49","Biashara","53","1","-0.707989","36.511978"
"50","Hellsgate","54","1","-0.781146","36.444214"
"51","Lake View","55","1","-0.718830","36.418648"
"52","Mai Mahiu","56","1","-0.913131","36.518211"
"53","Maeilla","57","1","-0.821804","36.259017"
"54","Olkaria","58","1","-0.901564","36.292907"
"55","Naivasha East","59","1","-0.770324","36.507912"
"56","Viwanda","60","1","-0.690680","36.398048"
"57","Bartabwa","61","1","0.000000","0.000000"
"58","Bartum","62","1","0.000000","0.000000"
"59","Churo / Amaya","63","1","0.000000","0.000000"
"60","Emining","64","1","0.000000","0.000000"
"61","Ewalel / Chapchap","65","1","0.000000","0.000000"
"62","Ilchamus","66","1","0.000000","0.000000"
"63","Kabar Tonjo","67","1","0.000000","0.000000"
"64","Kabarnet","68","1","0.000000","0.000000"
"65","Kapropita","69","1","0.000000","0.000000"
"66","Kipsaraman","70","1","0.000000","0.000000"
"67","Kisanana","71","1","0.000000","0.000000"
"68","Koibatek","72","1","0.000000","0.000000"
"69","Kolowa","73","1","0.000000","0.000000"
"70","Lawan","74","1","0.000000","0.000000"
"71","Lembus","75","1","0.000000","0.000000"
"72","Lembus / Perkera","76","1","0.000000","0.000000"
"73","Lembus Kwen","77","1","0.000000","0.000000"
"74","Loiyamorok","78","1","0.000000","0.000000"
"75","Makutani","79","1","0.000000","0.000000"
"76","Marigat","80","1","0.000000","0.000000"
"77","Mochongoi","81","1","0.000000","0.000000"
"78","Mogotio","82","1","0.000000","0.000000"
"79","Mumberes / Maji Mazuri","83","1","0.000000","0.000000"
"80","Ravine","84","1","0.000000","0.000000"
"81","Ribkwo","85","1","0.000000","0.000000"
"82","Sacho","86","1","0.000000","0.000000"
"83","Silale","87","1","0.000000","0.000000"
"84","Tangulbei","88","1","0.000000","0.000000"
"85","Tenges","89","1","0.000000","0.000000"
"86","Tirioko","90","1","0.000000","0.000000"
"87","Boito","91","1","0.000000","0.000000"
"88","Chebunyo","92","1","0.000000","0.000000"
"89","Chemagel","93","1","0.000000","0.000000"
"90","Chemaner","94","1","0.000000","0.000000"
"91","Chepchabas","95","1","0.000000","0.000000"
"92","Chesoen","96","1","0.000000","0.000000"
"93","Embomos","97","1","0.000000","0.000000"
"94","Kapletundo","98","1","0.000000","0.000000"
"95","Kembu","99","1","0.000000","0.000000"
"96","Kimulot","100","1","0.000000","0.000000"
"97","Kipreres","101","1","0.000000","0.000000"
"98","Kipsonoi","102","1","0.000000","0.000000"
"99","Kong'asis","103","1","0.000000","0.000000"
"100","Longisa","104","1","0.000000","0.000000"
"101","Merigi","105","1","0.000000","0.000000"
"102","Mogogosiek","106","1","0.000000","0.000000"
"103","Mutarakwa","107","1","0.000000","0.000000"
"104","Ndanai-Abosi","108","1","0.000000","0.000000"
"105","Ndaraweta","109","1","0.000000","0.000000"
"106","Nyongores","110","1","0.000000","0.000000"
"107","Rongena-Manaret","111","1","0.000000","0.000000"
"108","Sigor","112","1","0.000000","0.000000"
"109","Silibwet Township","113","1","0.000000","0.000000"
"110","Singorwet","114","1","0.000000","0.000000"
"111","Siongiroi","115","1","0.000000","0.000000"
"112","Bokoli","116","1","0.000000","0.000000"
"113","Bukembe East","117","1","0.000000","0.000000"
"114","Bukembe West","118","1","0.000000","0.000000"
"115","Bumula","119","1","0.000000","0.000000"
"116","Bwake / Luuya","120","1","0.000000","0.000000"
"117","Chebukwabi","121","1","0.000000","0.000000"
"118","Cheptais","122","1","0.000000","0.000000"
"119","Chepyuk","123","1","0.000000","0.000000"
"120","Chesikaki","124","1","0.000000","0.000000"
"121","East Sang'alo","125","1","0.000000","0.000000"
"122","Kabuchai / Chwele","126","1","0.000000","0.000000"
"123","Kabula","127","1","0.000000","0.000000"
"124","Kamukuywa","128","1","0.000000","0.000000"
"125","Kapkateny","129","1","0.000000","0.000000"
"126","Kapsokwony","130","1","0.000000","0.000000"
"127","Kaptama","131","1","0.000000","0.000000"
"128","Khalaba","132","1","0.000000","0.000000"
"129","Khasoko","133","1","0.000000","0.000000"
"130","Kimaeti","134","1","0.000000","0.000000"
"131","Kimilili","135","1","0.000000","0.000000"
"132","Lwandanyi","136","1","0.000000","0.000000"
"133","Maeni","137","1","0.000000","0.000000"
"134","Malakisi / South Kilisiru","138","1","0.000000","0.000000"
"135","Maraka","139","1","0.000000","0.000000"
"136","Marakaru","140","1","0.000000","0.000000"
"137","Matulo","141","1","0.000000","0.000000"
"138","Mbakalo","142","1","0.000000","0.000000"
"139","Mihuu","143","1","0.000000","0.000000"
"140","Milima","144","1","0.000000","0.000000"
"141","Mukuyuni","145","1","0.000000","0.000000"
"142","Musikoma","146","1","0.000000","0.000000"
"143","Naitiri / Kabuyefwe","147","1","0.000000","0.000000"
"144","Namwela","148","1","0.000000","0.000000"
"145","Ndalu","149","1","0.000000","0.000000"
"146","Ndivisi","150","1","0.000000","0.000000"
"147","Siboti","151","1","0.000000","0.000000"
"148","Sitikho","152","1","0.000000","0.000000"
"149","South Bukusu","153","1","0.000000","0.000000"
"150","Soysambu / Mitua","154","1","0.000000","0.000000"
"151","Tongaren","155","1","0.000000","0.000000"
"152","Township","156","1","0.000000","0.000000"
"153","Tuuti","157","1","0.000000","0.000000"
"154","West Bukusu","158","1","0.000000","0.000000"
"155","West Nalondo","159","1","0.000000","0.000000"
"156","West Sang'alo","160","1","0.000000","0.000000"
"157","Ageng'a Nanbuba","161","1","0.000000","0.000000"
"158","Amukura Central","162","1","0.000000","0.000000"
"159","Amukura East","163","1","0.000000","0.000000"
"160","Amukura West","164","1","0.000000","0.000000"
"161","Ang'urai East","165","1","0.000000","0.000000"
"162","Ang'urai North","166","1","0.000000","0.000000"
"163","Ang'urai South","167","1","0.000000","0.000000"
"164","Bukhayo Central","168","1","0.000000","0.000000"
"165","Bukhayo East","169","1","0.000000","0.000000"
"166","Bukhayo North / Walatsi","170","1","0.000000","0.000000"
"167","Bukhayo West","171","1","0.000000","0.000000"
"168","Bunyala North","172","1","0.000000","0.000000"
"169","Bunyala South","173","1","0.000000","0.000000"
"170","Bunyala West","174","1","0.000000","0.000000"
"171","Burumba","175","1","0.000000","0.000000"
"172","Busibwabo","176","1","0.000000","0.000000"
"173","Bwiri","177","1","0.000000","0.000000"
"174","Chakol North","178","1","0.000000","0.000000"
"175","Chakol South","179","1","0.000000","0.000000"
"176","Elugulu","180","1","0.000000","0.000000"
"177","Kingandole","181","1","0.000000","0.000000"
"178","Malaba Central","182","1","0.000000","0.000000"
"179","Malaba North","183","1","0.000000","0.000000"
"180","Malaba South","184","1","0.000000","0.000000"
"181","Marachi Central","185","1","0.000000","0.000000"
"182","Marachi East","186","1","0.000000","0.000000"
"183","Marachi North","187","1","0.000000","0.000000"
"184","Marachi West","188","1","0.000000","0.000000"
"185","Matayos South","189","1","0.000000","0.000000"
"186","Mayenye","190","1","0.000000","0.000000"
"187","Nambale","191","1","0.000000","0.000000"
"188","Namboboto / Nambu / Ku","192","1","0.000000","0.000000"
"189","Nangina","193","1","0.000000","0.000000"
"190","Township","194","1","0.000000","0.000000"
"191","Arror","195","1","0.000000","0.000000"
"192","Chepkorio","196","1","0.000000","0.000000"
"193","Cherang'anyl / Chebororwa","197","1","0.000000","0.000000"
"194","Embobut / Embolot","198","1","0.000000","0.000000"
"195","Emsoo","199","1","0.000000","0.000000"
"196","Endo","200","1","0.000000","0.000000"
"197","Kabiemit","201","1","0.000000","0.000000"
"198","Kamariny","202","1","0.000000","0.000000"
"199","Kapchemutwa","203","1","0.000000","0.000000"
"200","Kapsowar","204","1","0.000000","0.000000"
"201","Kaptarakwa","205","1","0.000000","0.000000"
"202","Kapyego","206","1","0.000000","0.000000"
"203","Lelan","207","1","0.000000","0.000000"
"204","Metkei","208","1","0.000000","0.000000"
"205","Moiben / Kuserwo","209","1","0.000000","0.000000"
"206","Sambirir","210","1","0.000000","0.000000"
"207","Sengwer","211","1","0.000000","0.000000"
"208","Soy North","212","1","0.000000","0.000000"
"209","Soy South","213","1","0.000000","0.000000"
"210","Tambach","214","1","0.000000","0.000000"
"211","Central","215","1","0.000000","0.000000"
"212","Evurore","216","1","0.000000","0.000000"
"213","Gaturi North","217","1","0.000000","0.000000"
"214","Gaturi South","218","1","0.000000","0.000000"
"215","Kagaari North","219","1","0.000000","0.000000"
"216","Kagaari South","220","1","0.000000","0.000000"
"217","Kiambere","221","1","0.000000","0.000000"
"218","Kirimari","222","1","0.000000","0.000000"
"219","Kithimu","223","1","0.000000","0.000000"
"220","Kyeni North","224","1","0.000000","0.000000"
"221","Kyeni South","225","1","0.000000","0.000000"
"222","Makima","226","1","0.000000","0.000000"
"223","Mavuria","227","1","0.000000","0.000000"
"224","Mbeti","228","1","0.000000","0.000000"
"225","Mbeti North","229","1","0.000000","0.000000"
"226","Muminji","230","1","0.000000","0.000000"
"227","Mwea","231","1","0.000000","0.000000"
"228","Nginda","232","1","0.000000","0.000000"
"229","Nthawa","233","1","0.000000","0.000000"
"230","Ruguru-Ngandori","234","1","0.000000","0.000000"
"231","Abakaile","235","1","0.000000","0.000000"
"232","Afwein","236","1","0.000000","0.000000"
"233","Balambala","237","1","0.000000","0.000000"
"234","Benane","238","1","0.000000","0.000000"
"235","Bura","239","1","0.000000","0.000000"
"236","Dadaab","240","1","0.000000","0.000000"
"237","Damajale","241","1","0.000000","0.000000"
"238","Danyere","242","1","0.000000","0.000000"
"239","Dekaharia","243","1","0.000000","0.000000"
"240","Dertu","244","1","0.000000","0.000000"
"241","Fafi","245","1","0.000000","0.000000"
"242","Galbet","246","1","0.000000","0.000000"
"243","Goreale","247","1","0.000000","0.000000"
"244","Hulugho","248","1","0.000000","0.000000"
"245","Iftin","249","1","0.000000","0.000000"
"246","Ijara","250","1","0.000000","0.000000"
"247","Jarajara","251","1","0.000000","0.000000"
"248","Jarajila","252","1","0.000000","0.000000"
"249","Labisgale","253","1","0.000000","0.000000"
"250","Liboi","254","1","0.000000","0.000000"
"251","Maalamin","255","1","0.000000","0.000000"
"252","Masalani","256","1","0.000000","0.000000"
"253","Modogashe","257","1","0.000000","0.000000"
"254","Nanighi","258","1","0.000000","0.000000"
"255","Sabena","259","1","0.000000","0.000000"
"256","Saka","260","1","0.000000","0.000000"
"257","Sangilau","261","1","0.000000","0.000000"
"258","Sankuri","262","1","0.000000","0.000000"
"259","Township","263","1","0.000000","0.000000"
"260","Waberi","264","1","0.000000","0.000000"
"261","Central","265","1","0.000000","0.000000"
"262","Gem East","266","1","0.000000","0.000000"
"263","Gem West","267","1","0.000000","0.000000"
"264","Gembe","268","1","0.000000","0.000000"
"265","Gwassi North","269","1","0.000000","0.000000"
"266","Gwassi South","270","1","0.000000","0.000000"
"267","Homa Bay Arujo","271","1","0.000000","0.000000"
"268","Homa Bay Central","272","1","0.000000","0.000000"
"269","Homa Bay East","273","1","0.000000","0.000000"
"270","Homa Bay West","274","1","0.000000","0.000000"
"271","Kabondo East","275","1","0.000000","0.000000"
"272","Kabondo West","276","1","0.000000","0.000000"
"273","Kabouch North","277","1","0.000000","0.000000"
"274","Kabouch South / Pala","278","1","0.000000","0.000000"
"275","Kagan","279","1","0.000000","0.000000"
"276","Kaksingiri West","280","1","0.000000","0.000000"
"277","Kamagak East","281","1","0.000000","0.000000"
"278","Kamagak West","282","1","0.000000","0.000000"
"279","Kanyadoto","283","1","0.000000","0.000000"
"280","Kanyaluo","284","1","0.000000","0.000000"
"281","Kanyamwa Kalogi","285","1","0.000000","0.000000"
"282","Kanyamwa Kosewe","286","1","0.000000","0.000000"
"283","Kanyikela","287","1","0.000000","0.000000"
"284","Karachuonyo North","288","1","0.000000","0.000000"
"285","Karachuonyo West","289","1","0.000000","0.000000"
"286","Kasgunga","290","1","0.000000","0.000000"
"287","Kasipul Central","291","1","0.000000","0.000000"
"288","Kasipul South","292","1","0.000000","0.000000"
"289","Kasipul West","293","1","0.000000","0.000000"
"290","Kendu Bay Town","294","1","0.000000","0.000000"
"291","Kibiri","295","1","0.000000","0.000000"
"292","Kochia","296","1","0.000000","0.000000"
"293","Kojwach","297","1","0.000000","0.000000"
"294","Kokwanyo / Kakelo ","298","1","0.000000","0.000000"
"295","Kwabwai","299","1","0.000000","0.000000"
"296","Lambwe","300","1","0.000000","0.000000"
"297","Mfangano Island","301","1","0.000000","0.000000"
"298","Ruma-Kaksingiri East","302","1","0.000000","0.000000"
"299","Rusinga Island","303","1","0.000000","0.000000"
"300","Wang'chieng","304","1","0.000000","0.000000"
"301","Bulla Pesa","305","1","0.000000","0.000000"
"302","Burat","306","1","0.000000","0.000000"
"303","Chari","307","1","0.000000","0.000000"
"304","Cherab","308","1","0.000000","0.000000"
"305","Garba Tulla","309","1","0.000000","0.000000"
"306","Kinna","310","1","0.000000","0.000000"
"307","Ngare Mara","311","1","0.000000","0.000000"
"308","Oldo-Nyiro","312","1","0.000000","0.000000"
"309","Sericho","313","1","0.000000","0.000000"
"310","Wabera","314","1","0.000000","0.000000"
"311","Dalalekutuk","315","1","0.000000","0.000000"
"312","Entonet / Lenkism","316","1","0.000000","0.000000"
"313","Ewuaso Oo Nkidong'i","317","1","0.000000","0.000000"
"314","Ildamat","318","1","0.000000","0.000000"
"315","Iloodokilani","319","1","0.000000","0.000000"
"316","Imaroro","320","1","0.000000","0.000000"
"317","Imbirikani / Eselenkei","321","1","0.000000","0.000000"
"318","Kaputiei North","322","1","0.000000","0.000000"
"319","Keekonyokie","323","1","0.000000","0.000000"
"320","Kenyawa-Poka","324","1","0.000000","0.000000"
"321","Kimana","325","1","0.000000","0.000000"
"322","Kiserian","326","1","0.000000","0.000000"
"323","Kitengela","327","1","0.000000","0.000000"
"324","Kuku","328","1","0.000000","0.000000"
"325","Magadi","329","1","0.000000","0.000000"
"326","Matapato North","330","1","0.000000","0.000000"
"327","Matapato South","331","1","0.000000","0.000000"
"328","Ngong","332","1","0.000000","0.000000"
"329","Nkaimurunya","333","1","0.000000","0.000000"
"330","Olkeri","334","1","0.000000","0.000000"
"331","Oloolua","335","1","0.000000","0.000000"
"332","Oloosirkon / Sholinke","336","1","0.000000","0.000000"
"333","Ongata Rongai","337","1","0.000000","0.000000"
"334","Purko","338","1","0.000000","0.000000"
"335","Rombo","339","1","0.000000","0.000000"
"336","Bunyala Central","340","1","0.000000","0.000000"
"337","Bunyala East","341","1","0.000000","0.000000"
"338","Bunyala West","342","1","0.000000","0.000000"
"339","Butali / Chegulo","343","1","0.000000","0.000000"
"340","Butsotso Central","344","1","0.000000","0.000000"
"341","Butsotso East","345","1","0.000000","0.000000"
"342","Butsotso South","346","1","0.000000","0.000000"
"343","Chekalini","347","1","0.000000","0.000000"
"344","Chemuche","348","1","0.000000","0.000000"
"345","Chevaywa","349","1","0.000000","0.000000"
"346","East Kabras","350","1","0.000000","0.000000"
"347","East Wanga","351","1","0.000000","0.000000"
"348","Etenje","352","1","0.000000","0.000000"
"349","Idakho Central","353","1","0.000000","0.000000"
"350","Idakho East","354","1","0.000000","0.000000"
"351","Idakho South","355","1","0.000000","0.000000"
"352","Idakho West","356","1","0.000000","0.000000"
"353","Ingotse-Matiha","357","1","0.000000","0.000000"
"354","Isukha Central","358","1","0.000000","0.000000"
"355","Isukha East","359","1","0.000000","0.000000"
"356","Isukha North","360","1","0.000000","0.000000"
"357","Isukha South","361","1","0.000000","0.000000"
"358","Isukha West","362","1","0.000000","0.000000"
"359","Khalaba","363","1","0.000000","0.000000"
"360","Khaungu-Malaha-Isongo","364","1","0.000000","0.000000"
"361","Kholera","365","1","0.000000","0.000000"
"362","Kisa Central","366","1","0.000000","0.000000"
"363","Kisa East","367","1","0.000000","0.000000"
"364","Kisa North","368","1","0.000000","0.000000"
"365","Kisa West","369","1","0.000000","0.000000"
"366","Kongoni","370","1","0.000000","0.000000"
"367","Koyonzo","371","1","0.000000","0.000000"
"368","Likuyani","372","1","0.000000","0.000000"
"369","Lugari","373","1","0.000000","0.000000"
"370","Lumakanda","374","1","0.000000","0.000000"
"371","Lusheya-Lubinu-Makunga","375","1","0.000000","0.000000"
"372","Lwandeti","376","1","0.000000","0.000000"
"373","Mahiakalo","377","1","0.000000","0.000000"
"374","Manda - Shivanga","378","1","0.000000","0.000000"
"375","Marama Central","379","1","0.000000","0.000000"
"376","Marama North","380","1","0.000000","0.000000"
"377","Marama South","381","1","0.000000","0.000000"
"378","Marama West","382","1","0.000000","0.000000"
"379","Marenyo-Shianda","383","1","0.000000","0.000000"
"380","Mautuma","384","1","0.000000","0.000000"
"381","Mayoni","385","1","0.000000","0.000000"
"382","Mumias Central","386","1","0.000000","0.000000"
"383","Mumias North","387","1","0.000000","0.000000"
"384","Murhanda","388","1","0.000000","0.000000"
"385","Musanda","389","1","0.000000","0.000000"
"386","Namamali","390","1","0.000000","0.000000"
"387","Nzoia","391","1","0.000000","0.000000"
"388","Sango","392","1","0.000000","0.000000"
"389","Sheywe","393","1","0.000000","0.000000"
"390","Shinoyi-Shikomari-Esumeiya","394","1","0.000000","0.000000"
"391","Shirere","395","1","0.000000","0.000000"
"392","Shirugu-Mugai","396","1","0.000000","0.000000"
"393","Sinoko","397","1","0.000000","0.000000"
"394","South Kabras","398","1","0.000000","0.000000"
"395","West Kabras","399","1","0.000000","0.000000"
"396","Ainamoi","400","1","0.000000","0.000000"
"397","Chaik","401","1","0.000000","0.000000"
"398","Cheboin","402","1","0.000000","0.000000"
"399","Chemosot","403","1","0.000000","0.000000"
"400","Cheptororiet / Seretutut","404","1","0.000000","0.000000"
"401","ChilChila","405","1","0.000000","0.000000"
"402","Kabianga","406","1","0.000000","0.000000"
"403","Kamasian","407","1","0.000000","0.000000"
"404","Kapkatet","408","1","0.000000","0.000000"
"405","Kapkugerwet","409","1","0.000000","0.000000"
"406","Kaplelartet","410","1","0.000000","0.000000"
"407","Kapsaos","411","1","0.000000","0.000000"
"408","Kapsoit","412","1","0.000000","0.000000"
"409","Kapsuser","413","1","0.000000","0.000000"
"410","Kipchebor","414","1","0.000000","0.000000"
"411","Kipchimchim","415","1","0.000000","0.000000"
"412","Kipkelion","416","1","0.000000","0.000000"
"413","Kisiara","417","1","0.000000","0.000000"
"414","Kunyak","418","1","0.000000","0.000000"
"415","Litein","419","1","0.000000","0.000000"
"416","Sigowet","420","1","0.000000","0.000000"
"417","Soin","421","1","0.000000","0.000000"
"418","Soliat","422","1","0.000000","0.000000"
"419","Tebesonik","423","1","0.000000","0.000000"
"420","Techoget","424","1","0.000000","0.000000"
"421","Waldai","425","1","0.000000","0.000000"
"422","Biashara","426","1","0.000000","0.000000"
"423","Bibirioni","427","1","0.000000","0.000000"
"424","Cianda","428","1","0.000000","0.000000"
"425","Gachie","429","1","0.000000","0.000000"
"426","Gatamaiyo","430","1","0.000000","0.000000"
"427","Gathaiti","431","1","0.000000","0.000000"
"428","Gatongora","432","1","0.000000","0.000000"
"429","Gitaru","433","1","0.000000","0.000000"
"430","Githiga","434","1","0.000000","0.000000"
"431","Githunguri","435","1","0.000000","0.000000"
"432","Gitothua","436","1","0.000000","0.000000"
"433","Gituamba","437","1","0.000000","0.000000"
"434","Hospital","438","1","0.000000","0.000000"
"435","Ikinu","439","1","0.000000","0.000000"
"436","Juju","440","1","0.000000","0.000000"
"437","Kabete","441","1","0.000000","0.000000"
"438","Kahawa / Sukari","442","1","0.000000","0.000000"
"439","Kahawa Wendani","443","1","0.000000","0.000000"
"440","Kalimoni","444","1","0.000000","0.000000"
"441","Kamenu","445","1","0.000000","0.000000"
"442","Kamwangi","446","1","0.000000","0.000000"
"443","Karai","447","1","0.000000","0.000000"
"444","Kiambaa","448","1","0.000000","0.000000"
"445","Kiamwangi","449","1","0.000000","0.000000"
"446","Kiganjo","450","1","0.000000","0.000000"
"447","Kijabe","451","1","0.000000","0.000000"
"448","Kikuyu","452","1","0.000000","0.000000"
"449","Kinale","453","1","0.000000","0.000000"
"450","Kinoo","454","1","0.000000","0.000000"
"451","Kirenga","455","1","0.000000","0.000000"
"452","Kiuu","456","1","0.000000","0.000000"
"453","Komothai","457","1","0.000000","0.000000"
"454","Limuru Central","458","1","0.000000","0.000000"
"455","Limuru East","459","1","0.000000","0.000000"
"456","Makongeni","460","1","0.000000","0.000000"
"457","Mang'u","461","1","0.000000","0.000000"
"458","Muchatha","462","1","0.000000","0.000000"
"459","Muguga","463","1","0.000000","0.000000"
"460","Murera","464","1","0.000000","0.000000"
"461","Mwihoko","465","1","0.000000","0.000000"
"462","Mwiki","466","1","0.000000","0.000000"
"463","Nachu","467","1","0.000000","0.000000"
"464","Ndarugo","468","1","0.000000","0.000000"
"465","Ndeiya","469","1","0.000000","0.000000"
"466","Ndenderu","470","1","0.000000","0.000000"
"467","Ndumberi","471","1","0.000000","0.000000"
"468","Ngecha Tigoni","472","1","0.000000","0.000000"
"469","Ngenda","473","1","0.000000","0.000000"
"470","Ngewa","474","1","0.000000","0.000000"
"471","Ngoliba / Gatuanyaga","475","1","0.000000","0.000000"
"472","Nyadhuna","476","1","0.000000","0.000000"
"473","Nyanduma","477","1","0.000000","0.000000"
"474","Riabai","478","1","0.000000","0.000000"
"475","Sigona","479","1","0.000000","0.000000"
"476","Theta","480","1","0.000000","0.000000"
"477","Ting'ang'a","481","1","0.000000","0.000000"
"478","Township","482","1","0.000000","0.000000"
"479","Township","483","1","0.000000","0.000000"
"480","Uthiru","484","1","0.000000","0.000000"
"481","Witeithie","485","1","0.000000","0.000000"
"482","Adu","486","1","0.000000","0.000000"
"483","Bamba","487","1","0.000000","0.000000"
"484","Chasimba","488","1","0.000000","0.000000"
"485","Dabaso","489","1","0.000000","0.000000"
"486","Dungicha","490","1","0.000000","0.000000"
"487","Ganda","491","1","0.000000","0.000000"
"488","Garashi","492","1","0.000000","0.000000"
"489","Gongoni","493","1","0.000000","0.000000"
"490","Jaribuni","494","1","0.000000","0.000000"
"491","Jibana","495","1","0.000000","0.000000"
"492","Jilore","496","1","0.000000","0.000000"
"493","Junju","497","1","0.000000","0.000000"
"494","Kakuyuni","498","1","0.000000","0.000000"
"495","Kaloleni","499","1","0.000000","0.000000"
"496","Kayafungo","500","1","0.000000","0.000000"
"497","Kibarani","501","1","0.000000","0.000000"
"498","Magarini","502","1","0.000000","0.000000"
"499","Malindi Town","503","1","0.000000","0.000000"
"500","Marafa","504","1","0.000000","0.000000"
"501","Mariakani","505","1","0.000000","0.000000"
"502","Matsangoni","506","1","0.000000","0.000000"
"503","Mazeras","507","1","0.000000","0.000000"
"504","Mnarani","508","1","0.000000","0.000000"
"505","Mtepeni","509","1","0.000000","0.000000"
"506","Mwanamwinga","510","1","0.000000","0.000000"
"507","Mwarakaya","511","1","0.000000","0.000000"
"508","Mwawesa","512","1","0.000000","0.000000"
"509","Ruruma","513","1","0.000000","0.000000"
"510","Sabaki","514","1","0.000000","0.000000"
"511","Shella","515","1","0.000000","0.000000"
"512","Shimo la Tewa","516","1","0.000000","0.000000"
"513","Sokoke","517","1","0.000000","0.000000"
"514","Sokoni","518","1","0.000000","0.000000"
"515","Tezo","519","1","0.000000","0.000000"
"516","Watamu","520","1","0.000000","0.000000"
"517","Baragwi","521","1","0.000000","0.000000"
"518","Gathigiriri","522","1","0.000000","0.000000"
"519","Inoi","523","1","0.000000","0.000000"
"520","Kabare","524","1","0.000000","0.000000"
"521","Kangai","525","1","0.000000","0.000000"
"522","Kanyekini","526","1","0.000000","0.000000"
"523","Kariti","527","1","0.000000","0.000000"
"524","Karumandi","528","1","0.000000","0.000000"
"525","Kerugoya","529","1","0.000000","0.000000"
"526","Kiine","530","1","0.000000","0.000000"
"527","Mukure","531","1","0.000000","0.000000"
"528","Murinduko","532","1","0.000000","0.000000"
"529","Mutira","533","1","0.000000","0.000000"
"530","Mutithi","534","1","0.000000","0.000000"
"531","Ngariama","535","1","0.000000","0.000000"
"532","Njukiine","536","1","0.000000","0.000000"
"533","Nyangati","537","1","0.000000","0.000000"
"534","Tebere","538","1","0.000000","0.000000"
"535","Thiba","539","1","0.000000","0.000000"
"536","Wamumu","540","1","0.000000","0.000000"
"537","Basi Central","541","1","0.000000","0.000000"
"538","Bassi Bogetaorio","542","1","0.000000","0.000000"
"539","Birongo","543","1","0.000000","0.000000"
"540","Bobaracho","544","1","0.000000","0.000000"
"541","Bobasi / Boitangare","545","1","0.000000","0.000000"
"542","Bobasi Chache","546","1","0.000000","0.000000"
"543","Bogeka","547","1","0.000000","0.000000"
"544","Bogetenga","548","1","0.000000","0.000000"
"545","Bogiakumu","549","1","0.000000","0.000000"
"546","Bogusero","550","1","0.000000","0.000000"
"547","Boikanga","551","1","0.000000","0.000000"
"548","Bokeira","552","1","0.000000","0.000000"
"549","Bokimonge","553","1","0.000000","0.000000"
"550","Bomariba","554","1","0.000000","0.000000"
"551","Boochi / Tendere","555","1","0.000000","0.000000"
"552","Boochi Borabu","556","1","0.000000","0.000000"
"553","Borabu / Chitago","557","1","0.000000","0.000000"
"554","Borabu Masaba","558","1","0.000000","0.000000"
"555","Bosoti / Sengera","559","1","0.000000","0.000000"
"556","Gesusu","560","1","0.000000","0.000000"
"557","Getenga","561","1","0.000000","0.000000"
"558","Ibeno","562","1","0.000000","0.000000"
"559","Ichuni","563","1","0.000000","0.000000"
"560","Keumbu","564","1","0.000000","0.000000"
"561","Kiamokama","565","1","0.000000","0.000000"
"562","Kiogoro","566","1","0.000000","0.000000"
"563","Kisii Central","567","1","0.000000","0.000000"
"564","Kitutu Central","568","1","0.000000","0.000000"
"565","Magenche","569","1","0.000000","0.000000"
"566","Majoge Basi","570","1","0.000000","0.000000"
"567","Marani","571","1","0.000000","0.000000"
"568","Masige East","572","1","0.000000","0.000000"
"569","Masige West","573","1","0.000000","0.000000"
"570","Masimba","574","1","0.000000","0.000000"
"571","Monyerero","575","1","0.000000","0.000000"
"572","Moticho","576","1","0.000000","0.000000"
"573","Mwamonari","577","1","0.000000","0.000000"
"574","Nyacheki","578","1","0.000000","0.000000"
"575","Nyakoe","579","1","0.000000","0.000000"
"576","Nyamasibi","580","1","0.000000","0.000000"
"577","Nyatieko","581","1","0.000000","0.000000"
"578","Riana","582","1","0.000000","0.000000"
"579","Sameta / Mokwerero","583","1","0.000000","0.000000"
"580","Sensi","584","1","0.000000","0.000000"
"581","Tabaka","585","1","0.000000","0.000000"
"582","Ahero","586","1","0.000000","0.000000"
"583","Awasi / Onjiko","587","1","0.000000","0.000000"
"584","Chemelil","588","1","0.000000","0.000000"
"585","East Kano / Wawidhi","589","1","0.000000","0.000000"
"586","Kabonyo / Kanyakwal","590","1","0.000000","0.000000"
"587","Kajulu","591","1","0.000000","0.000000"
"588","Kamswa / Nyangoma","592","1","0.000000","0.000000"
"589","Kisumu Central","593","1","0.000000","0.000000"
"590","Kisumu North","594","1","0.000000","0.000000"
"591","Kisumu North West","595","1","0.000000","0.000000"
"592","Kisumu South West","596","1","0.000000","0.000000"
"593","Kisumu West","597","1","0.000000","0.000000"
"594","Kobura","598","1","0.000000","0.000000"
"595","Kolwa Central","599","1","0.000000","0.000000"
"596","Kolwa East","600","1","0.000000","0.000000"
"597","Kondele","601","1","0.000000","0.000000"
"598","Manyatta B","602","1","0.000000","0.000000"
"599","Market Milimani","603","1","0.000000","0.000000"
"600","Migosi","604","1","0.000000","0.000000"
"601","Miwani","605","1","0.000000","0.000000"
"602","Muhoroni Koru","606","1","0.000000","0.000000"
"603","Nyakach Central","607","1","0.000000","0.000000"
"604","Nyakach North","608","1","0.000000","0.000000"
"605","Nyakach South East","609","1","0.000000","0.000000"
"606","Nyakach South West","610","1","0.000000","0.000000"
"607","Nyakach West","611","1","0.000000","0.000000"
"608","Nyalenda A","612","1","0.000000","0.000000"
"609","Nyalenda B","613","1","0.000000","0.000000"
"610","Ombeyi","614","1","0.000000","0.000000"
"611","Railways","615","1","0.000000","0.000000"
"612","Seme Central","616","1","0.000000","0.000000"
"613","Seme East","617","1","0.000000","0.000000"
"614","Seme North","618","1","0.000000","0.000000"
"615","Seme West","619","1","0.000000","0.000000"
"616","Shauri Moyo Kaloleni","620","1","0.000000","0.000000"
"617","Athi","621","1","0.000000","0.000000"
"618","Central","622","1","0.000000","0.000000"
"619","Chuluni","623","1","0.000000","0.000000"
"620","Endau / Malalani","624","1","0.000000","0.000000"
"621","Ikanga / Kyatune","625","1","0.000000","0.000000"
"622","Ikutha","626","1","0.000000","0.000000"
"623","Kanyangi","627","1","0.000000","0.000000"
"624","Kanziko","628","1","0.000000","0.000000"
"625","Kauwi","629","1","0.000000","0.000000"
"626","Kiomo / Kyethani","630","1","0.000000","0.000000"
"627","Kisasi","631","1","0.000000","0.000000"
"628","Kivou","632","1","0.000000","0.000000"
"629","Kwamutonga / Kithumula","633","1","0.000000","0.000000"
"630","Kwavonza / Yatta","634","1","0.000000","0.000000"
"631","Kyangwithya East","635","1","0.000000","0.000000"
"632","Kyangwithya West","636","1","0.000000","0.000000"
"633","Kyuso","637","1","0.000000","0.000000"
"634","Matinyani","638","1","0.000000","0.000000"
"635","Mbitini","639","1","0.000000","0.000000"
"636","Miambani","640","1","0.000000","0.000000"
"637","Migwani","641","1","0.000000","0.000000"
"638","Mui","642","1","0.000000","0.000000"
"639","Mulango","643","1","0.000000","0.000000"
"640","Mumoni","644","1","0.000000","0.000000"
"641","Mutha","645","1","0.000000","0.000000"
"642","Mutitu / Kaliku","646","1","0.000000","0.000000"
"643","Mutomo","647","1","0.000000","0.000000"
"644","Mutonguni Ward","648","1","0.000000","0.000000"
"645","Mwalano","649","1","0.000000","0.000000"
"646","Ngomeni","650","1","0.000000","0.000000"
"647","Nguni","651","1","0.000000","0.000000"
"648","Nguutani","652","1","0.000000","0.000000"
"649","Nuu","653","1","0.000000","0.000000"
"650","Nzambani","654","1","0.000000","0.000000"
"651","Tharaka","655","1","0.000000","0.000000"
"652","Township","656","1","0.000000","0.000000"
"653","Tseukuru","657","1","0.000000","0.000000"
"654","Voo / Kyamatu","658","1","0.000000","0.000000"
"655","Waita","659","1","0.000000","0.000000"
"656","Zombe / Mwitika","660","1","0.000000","0.000000"
"657","Chengoni / Samburu ","661","1","0.000000","0.000000"
"658","Dzombo","662","1","0.000000","0.000000"
"659","Gombato Bongwe","663","1","0.000000","0.000000"
"660","Kasemeni","664","1","0.000000","0.000000"
"661","Kasemeni Vanga","665","1","0.000000","0.000000"
"662","Kikoneni-Pongwe","666","1","0.000000","0.000000"
"663","Kinango ","667","1","0.000000","0.000000"
"664","Kinondo","668","1","0.000000","0.000000"
"665","Kubo South","669","1","0.000000","0.000000"
"666","Mackinon Road","670","1","0.000000","0.000000"
"667","Mkongani","671","1","0.000000","0.000000"
"668","Mwavumbo","672","1","0.000000","0.000000"
"669","Mwereni Ward","673","1","0.000000","0.000000"
"670","Ndavaya","674","1","0.000000","0.000000"
"671","Puma","675","1","0.000000","0.000000"
"672","Ramisi","676","1","0.000000","0.000000"
"673","Tiwi","677","1","0.000000","0.000000"
"674","Tsimba Golini Ward","678","1","0.000000","0.000000"
"675","Ukunda","679","1","0.000000","0.000000"
"676","Waa","680","1","0.000000","0.000000"
"677","Githiga","681","1","0.000000","0.000000"
"678","Igwamiti","682","1","0.000000","0.000000"
"679","Marmanet","683","1","0.000000","0.000000"
"680","Mugogodo East","684","1","0.000000","0.000000"
"681","Mugogodo West","685","1","0.000000","0.000000"
"682","Nanyuki","686","1","0.000000","0.000000"
"683","Ngobit","687","1","0.000000","0.000000"
"684","Ol-Moran","688","1","0.000000","0.000000"
"685","Rumuruti Township","689","1","0.000000","0.000000"
"686","Salama","690","1","0.000000","0.000000"
"687","Segera","691","1","0.000000","0.000000"
"688","Sosian","692","1","0.000000","0.000000"
"689","Thingithu","693","1","0.000000","0.000000"
"690","Tigithi","694","1","0.000000","0.000000"
"691","Umande","695","1","0.000000","0.000000"
"692","Bahari","696","1","0.000000","0.000000"
"693","Basuba Ward","697","1","0.000000","0.000000"
"694","Faza","698","1","0.000000","0.000000"
"695","Hindi","699","1","0.000000","0.000000"
"696","Hongwe","700","1","0.000000","0.000000"
"697","Kiunga","701","1","0.000000","0.000000"
"698","Mkomani","702","1","0.000000","0.000000"
"699","Mkunubi","703","1","0.000000","0.000000"
"700","Shella","704","1","0.000000","0.000000"
"701","Witu","705","1","0.000000","0.000000"
"702","Athi River","706","1","0.000000","0.000000"
"703","Ekalakala","707","1","0.000000","0.000000"
"704","Ikombe","708","1","0.000000","0.000000"
"705","Kalama","709","1","0.000000","0.000000"
"706","Kangudo West","710","1","0.000000","0.000000"
"707","Kangundo Central","711","1","0.000000","0.000000"
"708","Kangundo East","712","1","0.000000","0.000000"
"709","Kangundo North","713","1","0.000000","0.000000"
"710","Katangi","714","1","0.000000","0.000000"
"711","Kathiani Central","715","1","0.000000","0.000000"
"712","Kibauni","716","1","0.000000","0.000000"
"713","Kinanie","717","1","0.000000","0.000000"
"714","Kithimani","718","1","0.000000","0.000000"
"715","Kivaa","719","1","0.000000","0.000000"
"716","Kola","720","1","0.000000","0.000000"
"717","Kyeleni","721","1","0.000000","0.000000"
"718","Lower Kaewa / Kaani","722","1","0.000000","0.000000"
"719","Machakos Central","723","1","0.000000","0.000000"
"720","Makutano / Mwala","724","1","0.000000","0.000000"
"721","Masii","725","1","0.000000","0.000000"
"722","Masinga Central","726","1","0.000000","0.000000"
"723","Matungulu East","727","1","0.000000","0.000000"
"724","Matungulu North","728","1","0.000000","0.000000"
"725","Matungulu West","729","1","0.000000","0.000000"
"726","Matuu","730","1","0.000000","0.000000"
"727","Mbiuni","731","1","0.000000","0.000000"
"728","Mitaboni","732","1","0.000000","0.000000"
"729","Mua","733","1","0.000000","0.000000"
"730","Mumbuni North","734","1","0.000000","0.000000"
"731","Muthesya","735","1","0.000000","0.000000"
"732","Muthetheni","736","1","0.000000","0.000000"
"733","Muthwani","737","1","0.000000","0.000000"
"734","Mutituni","738","1","0.000000","0.000000"
"735","Muvuti / Kiima-Kimwe","739","1","0.000000","0.000000"
"736","Ndalani","740","1","0.000000","0.000000"
"737","Ndithini","741","1","0.000000","0.000000"
"738","Syokimau / Mulolongo","742","1","0.000000","0.000000"
"739","Tala","743","1","0.000000","0.000000"
"740","Upper Kaewa / Iveti","744","1","0.000000","0.000000"
"741","Wamunyu","745","1","0.000000","0.000000"
"742","Emali / Mulala","746","1","0.000000","0.000000"
"743","Ilima","747","1","0.000000","0.000000"
"744","Ivingoni / Nzambani","748","1","0.000000","0.000000"
"745","Kalawa","749","1","0.000000","0.000000"
"746","Kasikeu","750","1","0.000000","0.000000"
"747","Kathonzweni","751","1","0.000000","0.000000"
"748","Kee","752","1","0.000000","0.000000"
"749","Kiima Kiu / Kalanzoni","753","1","0.000000","0.000000"
"750","Kikumbulyu North","754","1","0.000000","0.000000"
"751","Kikumbulyu South","755","1","0.000000","0.000000"
"752","Kilungu","756","1","0.000000","0.000000"
"753","Kiteta-Kisau","757","1","0.000000","0.000000"
"754","Kithungo / Kitundu","758","1","0.000000","0.000000"
"755","Kitise / Kithuki","759","1","0.000000","0.000000"
"756","Makindu","760","1","0.000000","0.000000"
"757","Masongaleni","761","1","0.000000","0.000000"
"758","Mavindini","762","1","0.000000","0.000000"
"759","Mbitini","763","1","0.000000","0.000000"
"760","Mbooni","764","1","0.000000","0.000000"
"761","Mtito Andei","765","1","0.000000","0.000000"
"762","Mukaa","766","1","0.000000","0.000000"
"763","Muvau / Kikumini","767","1","0.000000","0.000000"
"764","Nguu / Masumba","768","1","0.000000","0.000000"
"765","Nguumo","769","1","0.000000","0.000000"
"766","Nzaui / Kilili / Kalamba","770","1","0.000000","0.000000"
"767","Thange","771","1","0.000000","0.000000"
"768","Tulimani","772","1","0.000000","0.000000"
"769","Ukia","773","1","0.000000","0.000000"
"770","Waia-Kako","774","1","0.000000","0.000000"
"771","Wote","775","1","0.000000","0.000000"
"772","Alungo","776","1","0.000000","0.000000"
"773","Arabia","777","1","0.000000","0.000000"
"774","Ashabito","778","1","0.000000","0.000000"
"775","Banissa","779","1","0.000000","0.000000"
"776","Dandu","780","1","0.000000","0.000000"
"777","Darkhale","781","1","0.000000","0.000000"
"778","Elwak North","782","1","0.000000","0.000000"
"779","Elwak South","783","1","0.000000","0.000000"
"780","Eyemole","784","1","0.000000","0.000000"
"781","Fino","785","1","0.000000","0.000000"
"782","Gither","786","1","0.000000","0.000000"
"783","Guticha","787","1","0.000000","0.000000"
"784","Khalalio","788","1","0.000000","0.000000"
"785","Kiiwehiri","789","1","0.000000","0.000000"
"786","Kutulo","790","1","0.000000","0.000000"
"787","Lafey","791","1","0.000000","0.000000"
"788","Lagsure","792","1","0.000000","0.000000"
"789","Libehia","793","1","0.000000","0.000000"
"790","Malkamari","794","1","0.000000","0.000000"
"791","Marothile","795","1","0.000000","0.000000"
"792","Rhamu","796","1","0.000000","0.000000"
"793","Rhamu Dimtu","797","1","0.000000","0.000000"
"794","Sala","798","1","0.000000","0.000000"
"795","Shafshafey","799","1","0.000000","0.000000"
"796","Shimbir Fatuma","800","1","0.000000","0.000000"
"797","Takaba","801","1","0.000000","0.000000"
"798","Takaba South","802","1","0.000000","0.000000"
"799","Township","803","1","0.000000","0.000000"
"800","Waranqara","804","1","0.000000","0.000000"
"801","Wargadud","805","1","0.000000","0.000000"
"802","Butiye","806","1","0.000000","0.000000"
"803","Dukana","807","1","0.000000","0.000000"
"804","Golbo","808","1","0.000000","0.000000"
"805","Heillu / Manyatta","809","1","0.000000","0.000000"
"806","Illeret","810","1","0.000000","0.000000"
"807","Karare","811","1","0.000000","0.000000"
"808","Kargi / South Horr","812","1","0.000000","0.000000"
"809","Korr / Ngurunit","813","1","0.000000","0.000000"
"810","Laisamis","814","1","0.000000","0.000000"
"811","Logologo","815","1","0.000000","0.000000"
"812","Loiyangalani","816","1","0.000000","0.000000"
"813","Maikona","817","1","0.000000","0.000000"
"814","Marsabit Central","818","1","0.000000","0.000000"
"815","Moyale Township","819","1","0.000000","0.000000"
"816","North Horr","820","1","0.000000","0.000000"
"817","Obbu","821","1","0.000000","0.000000"
"818","Sagante / Jaldesa","822","1","0.000000","0.000000"
"819","Sololo","823","1","0.000000","0.000000"
"820","Turbi","824","1","0.000000","0.000000"
"821","Uran","825","1","0.000000","0.000000"
"822","Abogeta East","826","1","0.000000","0.000000"
"823","Abogeta West","827","1","0.000000","0.000000"
"824","Abothuguchi Central","828","1","0.000000","0.000000"
"825","Abothuguchi West","829","1","0.000000","0.000000"
"826","Akachiu","830","1","0.000000","0.000000"
"827","Akirango'ondu","831","1","0.000000","0.000000"
"828","Akithii","832","1","0.000000","0.000000"
"829","Amwathi","833","1","0.000000","0.000000"
"830","Antuambui","834","1","0.000000","0.000000"
"831","Antubetwe Kiongo","835","1","0.000000","0.000000"
"832","Athiru Gaiti","836","1","0.000000","0.000000"
"833","Athiru Ruujine","837","1","0.000000","0.000000"
"834","Athwana","838","1","0.000000","0.000000"
"835","Igembe East","839","1","0.000000","0.000000"
"836","Igoji East","840","1","0.000000","0.000000"
"837","Igoji West","841","1","0.000000","0.000000"
"838","Kangeta","842","1","0.000000","0.000000"
"839","Kanuni","843","1","0.000000","0.000000"
"840","Karama","844","1","0.000000","0.000000"
"841","Kiagu","845","1","0.000000","0.000000"
"842","Kianjai","846","1","0.000000","0.000000"
"843","Kibirichia","847","1","0.000000","0.000000"
"844","Kiegoi / Antubochiu","848","1","0.000000","0.000000"
"845","Kiguchwa","849","1","0.000000","0.000000"
"846","Kiirua / Naari","850","1","0.000000","0.000000"
"847","Kisima","851","1","0.000000","0.000000"
"848","Maua","852","1","0.000000","0.000000"
"849","Mbeu","853","1","0.000000","0.000000"
"850","Mikinduri","854","1","0.000000","0.000000"
"851","Mitunguu","855","1","0.000000","0.000000"
"852","Municipality","856","1","0.000000","0.000000"
"853","Muthara","857","1","0.000000","0.000000"
"854","Mwanganthia","858","1","0.000000","0.000000"
"855","Naathu","859","1","0.000000","0.000000"
"856","Njia","860","1","0.000000","0.000000"
"857","Nkomo","861","1","0.000000","0.000000"
"858","Nkuene","862","1","0.000000","0.000000"
"859","Ntima East","863","1","0.000000","0.000000"
"860","Ntima West","864","1","0.000000","0.000000"
"861","Ntunene","865","1","0.000000","0.000000"
"862","Nyaki East","866","1","0.000000","0.000000"
"863","Nyaki West","867","1","0.000000","0.000000"
"864","Ruiri / Rwarera","868","1","0.000000","0.000000"
"865","Thangatha","869","1","0.000000","0.000000"
"866","Timau","870","1","0.000000","0.000000"
"867","Bukira Central / Ikerege","871","1","0.000000","0.000000"
"868","Bukira East","872","1","0.000000","0.000000"
"869","God Jope","873","1","0.000000","0.000000"
"870","Gokeharaka / Getambwega","874","1","0.000000","0.000000"
"871","Got Kochola","875","1","0.000000","0.000000"
"872","Isibania","876","1","0.000000","0.000000"
"873","Kachieng","877","1","0.000000","0.000000"
"874","Kadem North","878","1","0.000000","0.000000"
"875","Kakrao","879","1","0.000000","0.000000"
"876","Kaler","880","1","0.000000","0.000000"
"877","Kamagambo Central","881","1","0.000000","0.000000"
"878","Kamagambo East","882","1","0.000000","0.000000"
"879","Kamagambo North","883","1","0.000000","0.000000"
"880","Kamagambo South","884","1","0.000000","0.000000"
"881","Kanyamkago Central","885","1","0.000000","0.000000"
"882","Kanyamkago East","886","1","0.000000","0.000000"
"883","Kanyamkago North","887","1","0.000000","0.000000"
"884","Kanyamkago South","888","1","0.000000","0.000000"
"885","Kanyamkago West","889","1","0.000000","0.000000"
"886","Kanyasa","890","1","0.000000","0.000000"
"887","Kwa","891","1","0.000000","0.000000"
"888","Macalder / Kanyarwanda","892","1","0.000000","0.000000"
"889","Masaba","893","1","0.000000","0.000000"
"890","Mokerero","894","1","0.000000","0.000000"
"891","Muhuru","895","1","0.000000","0.000000"
"892","Ntimaru East","896","1","0.000000","0.000000"
"893","Ntimaru West","897","1","0.000000","0.000000"
"894","Nyabasi East","898","1","0.000000","0.000000"
"895","Nyabasi West","899","1","0.000000","0.000000"
"896","Nyamosense / Komosoko","900","1","0.000000","0.000000"
"897","Ragana-Oruba","901","1","0.000000","0.000000"
"898","Sakwa Central","902","1","0.000000","0.000000"
"899","Sakwa North East","903","1","0.000000","0.000000"
"900","Sakwa South","904","1","0.000000","0.000000"
"901","Sakwa West","905","1","0.000000","0.000000"
"902","Suna Central","906","1","0.000000","0.000000"
"903","Tagare","907","1","0.000000","0.000000"
"904","Wasimbete","908","1","0.000000","0.000000"
"905","Wasweta II","909","1","0.000000","0.000000"
"906","Wiga","910","1","0.000000","0.000000"
"907","Airport","911","1","0.000000","0.000000"
"908","Bambui","912","1","0.000000","0.000000"
"909","Bofu","913","1","0.000000","0.000000"
"910","Chaani","914","1","0.000000","0.000000"
"911","Changamwe","915","1","0.000000","0.000000"
"912","Frere Town","916","1","0.000000","0.000000"
"913","Jomvu Kuu","917","1","0.000000","0.000000"
"914","Junda","918","1","0.000000","0.000000"
"915","Kadzandani","919","1","0.000000","0.000000"
"916","Kipevu","920","1","0.000000","0.000000"
"917","Kongowea","921","1","0.000000","0.000000"
"918","Likoni ","922","1","0.000000","0.000000"
"919","Magogoni","923","1","0.000000","0.000000"
"920","Majengo","924","1","0.000000","0.000000"
"921","Maweni","925","1","0.000000","0.000000"
"922","Mikindani","926","1","0.000000","0.000000"
"923","Miritini","927","1","0.000000","0.000000"
"924","Mjambere","928","1","0.000000","0.000000"
"925","Mji wa Kale / Makadara","929","1","0.000000","0.000000"
"926","Mkomani","930","1","0.000000","0.000000"
"927","Mtongwe","931","1","0.000000","0.000000"
"928","Mtopanga","932","1","0.000000","0.000000"
"929","Mwakirunge","933","1","0.000000","0.000000"
"930","Portreitz","934","1","0.000000","0.000000"
"931","Shanzu","935","1","0.000000","0.000000"
"932","Shika Adabu","936","1","0.000000","0.000000"
"933","Shimanzi-Ganjoni","937","1","0.000000","0.000000"
"934","Timbwani","938","1","0.000000","0.000000"
"935","Tononoka","939","1","0.000000","0.000000"
"936","Tudor","940","1","0.000000","0.000000"
"937","Gaichanjiru","941","1","0.000000","0.000000"
"938","Gatanga","942","1","0.000000","0.000000"
"939","Gaturi","943","1","0.000000","0.000000"
"940","Gitugi","944","1","0.000000","0.000000"
"941","Ichagaki","945","1","0.000000","0.000000"
"942","Ithanga","946","1","0.000000","0.000000"
"943","Ithiru","947","1","0.000000","0.000000"
"944","Kagundu-Ini","948","1","0.000000","0.000000"
"945","Kahumbu","949","1","0.000000","0.000000"
"946","Kakuzi / Mitubiri ","950","1","0.000000","0.000000"
"947","Kamacharia","951","1","0.000000","0.000000"
"948","Kamahuha","952","1","0.000000","0.000000"
"949","Kambiti","953","1","0.000000","0.000000"
"950","Kangari","954","1","0.000000","0.000000"
"951","Kanyenya-Ini","955","1","0.000000","0.000000"
"952","Kariara","956","1","0.000000","0.000000"
"953","Kigumo","957","1","0.000000","0.000000"
"954","Kihumbu-Ini","958","1","0.000000","0.000000"
"955","Kimorori / Wempa","959","1","0.000000","0.000000"
"956","Kinyona","960","1","0.000000","0.000000"
"957","Kiru","961","1","0.000000","0.000000"
"958","Makuyu","962","1","0.000000","0.000000"
"959","Mbiri","963","1","0.000000","0.000000"
"960","Mugoiri","964","1","0.000000","0.000000"
"961","Mugumo-Ini","965","1","0.000000","0.000000"
"962","Muguru","966","1","0.000000","0.000000"
"963","Murarandia","967","1","0.000000","0.000000"
"964","Muruka","968","1","0.000000","0.000000"
"965","Muthithi","969","1","0.000000","0.000000"
"966","Ng'araria","970","1","0.000000","0.000000"
"967","Nginda","971","1","0.000000","0.000000"
"968","Ruchu","972","1","0.000000","0.000000"
"969","Rwathia","973","1","0.000000","0.000000"
"970","Township","974","1","0.000000","0.000000"
"971","Wangu","975","1","0.000000","0.000000"
"972","Airbase","976","1","0.000000","0.000000"
"973","Babadogo","977","1","0.000000","0.000000"
"974","California","978","1","0.000000","0.000000"
"975","Central","979","1","0.000000","0.000000"
"976","Clay City","980","1","0.000000","0.000000"
"977","Dandora Area I ","981","1","0.000000","0.000000"
"978","Dandora Area II","982","1","0.000000","0.000000"
"979","Dandora Area III ","983","1","0.000000","0.000000"
"980","Dandora Area IV","984","1","0.000000","0.000000"
"981","Eastleigh North","985","1","0.000000","0.000000"
"982","Eastleigh South","986","1","0.000000","0.000000"
"983","Embakasi","987","1","0.000000","0.000000"
"984","Gatina","988","1","0.000000","0.000000"
"985","Githurai","989","1","0.000000","0.000000"
"986","Harambee","990","1","0.000000","0.000000"
"987","Hospital","991","1","0.000000","0.000000"
"988","Huruma","992","1","0.000000","0.000000"
"989","Imara Daima","993","1","0.000000","0.000000"
"990","Kabiro","994","1","0.000000","0.000000"
"991","Kahawa","995","1","0.000000","0.000000"
"992","Kahawa West","996","1","0.000000","0.000000"
"993","Kangemi","997","1","0.000000","0.000000"
"994","Karen","998","1","0.000000","0.000000"
"995","Kariobangi North","999","1","0.000000","0.000000"
"996","Kariobangi South","1000","1","0.000000","0.000000"
"997","Karura","1001","1","0.000000","0.000000"
"998","Kasarani","1002","1","0.000000","0.000000"
"999","Kawangware","1003","1","0.000000","0.000000"
"1000","Kayole Central","1004","1","0.000000","0.000000"
"1001","Kayole North","1005","1","0.000000","0.000000"
"1002","Kayole South","1006","1","0.000000","0.000000"
"1003","Kiamaiko","1007","1","0.000000","0.000000"
"1004","Kileleshwa","1008","1","0.000000","0.000000"
"1005","Kilimani","1009","1","0.000000","0.000000"
"1006","Kitisuru","1010","1","0.000000","0.000000"
"1007","Komarock","1011","1","0.000000","0.000000"
"1008","Korogocho","1012","1","0.000000","0.000000"
"1009","Kwa Njenga","1013","1","0.000000","0.000000"
"1010","Kwa Reuben","1014","1","0.000000","0.000000"
"1011","Kware","1015","1","0.000000","0.000000"
"1012","Laini Saba","1016","1","0.000000","0.000000"
"1013","Landimawe","1017","1","0.000000","0.000000"
"1014","Lindi","1018","1","0.000000","0.000000"
"1015","Lower Savanna","1019","1","0.000000","0.000000"
"1016","Lucky Summer","1020","1","0.000000","0.000000"
"1017","Mabatini","1021","1","0.000000","0.000000"
"1018","Makina","1022","1","0.000000","0.000000"
"1019","Makongeni","1023","1","0.000000","0.000000"
"1020","Maringo / Hamza","1024","1","0.000000","0.000000"
"1021","Mathare North","1025","1","0.000000","0.000000"
"1022","Matopeni / Spring Valley","1026","1","0.000000","0.000000"
"1023","Mihango","1027","1","0.000000","0.000000"
"1024","Mlango Kubwa","1028","1","0.000000","0.000000"
"1025","Mountain View","1029","1","0.000000","0.000000"
"1026","Mowlem","1030","1","0.000000","0.000000"
"1027","Mugumo-ini","1031","1","0.000000","0.000000"
"1028","Mutu-ini","1032","1","0.000000","0.000000"
"1029","Mwiki","1033","1","0.000000","0.000000"
"1030","Nairobi South","1034","1","0.000000","0.000000"
"1031","Nairobi West","1035","1","0.000000","0.000000"
"1032","Ngando","1036","1","0.000000","0.000000"
"1033","Ngara","1037","1","0.000000","0.000000"
"1034","Ngei ","1038","1","0.000000","0.000000"
"1035","Nijiru","1039","1","0.000000","0.000000"
"1036","Nyayo Highrise","1040","1","0.000000","0.000000"
"1037","Pangani","1041","1","0.000000","0.000000"
"1038","Parklands / Highridge","1042","1","0.000000","0.000000"
"1039","Pipeline","1043","1","0.000000","0.000000"
"1040","Pumwani","1044","1","0.000000","0.000000"
"1041","Riruta","1045","1","0.000000","0.000000"
"1042","Roysambu","1046","1","0.000000","0.000000"
"1043","Ruai","1047","1","0.000000","0.000000"
"1044","Serang'ombe","1048","1","0.000000","0.000000"
"1045","South C","1049","1","0.000000","0.000000"
"1046","Tassia","1050","1","0.000000","0.000000"
"1047","Umoja I","1051","1","0.000000","0.000000"
"1048","Umoja II","1052","1","0.000000","0.000000"
"1049","Upper Savanna","1053","1","0.000000","0.000000"
"1050","Utalii","1054","1","0.000000","0.000000"
"1051","Uthiru / Ruthimitu","1055","1","0.000000","0.000000"
"1052","Viwandani","1056","1","0.000000","0.000000"
"1053","Waithaka","1057","1","0.000000","0.000000"
"1054","Woodley / Kenyatta Golf Course","1058","1","0.000000","0.000000"
"1055","Zimmerman","1059","1","0.000000","0.000000"
"1056","Ziwani / Kariokor","1060","1","0.000000","0.000000"
"1057","Chemilil / Chemase","1061","1","0.000000","0.000000"
"1058","Chemundu / Kapng'etunyi","1062","1","0.000000","0.000000"
"1059","Chepkumia","1063","1","0.000000","0.000000"
"1060","Chepkunyuk","1064","1","0.000000","0.000000"
"1061","Chepterwai","1065","1","0.000000","0.000000"
"1062","Kabisaga","1066","1","0.000000","0.000000"
"1063","Kabiyet","1067","1","0.000000","0.000000"
"1064","Kabwareng","1068","1","0.000000","0.000000"
"1065","Kapchorua","1069","1","0.000000","0.000000"
"1066","Kapkangani","1070","1","0.000000","0.000000"
"1067","Kapsabet","1071","1","0.000000","0.000000"
"1068","Kapsimatwo","1072","1","0.000000","0.000000"
"1069","Kaptel / Kamoiywo","1073","1","0.000000","0.000000"
"1070","Kaptumo-Kaboi","1074","1","0.000000","0.000000"
"1071","Kemeloi-maraba","1075","1","0.000000","0.000000"
"1072","Kibwareng / Chebilat / Ndurio","1076","1","0.000000","0.000000"
"1073","Kilibwoni","1077","1","0.000000","0.000000"
"1074","Kipkaren","1078","1","0.000000","0.000000"
"1075","Kiptuiya","1079","1","0.000000","0.000000"
"1076","Kosirai","1080","1","0.000000","0.000000"
"1077","Koyo / Ndurio","1081","1","0.000000","0.000000"
"1078","Kurgung / Surangai","1082","1","0.000000","0.000000"
"1079","Lelmoko / Ngecheck","1083","1","0.000000","0.000000"
"1080","Nandi Hills","1084","1","0.000000","0.000000"
"1081","Ndalat","1085","1","0.000000","0.000000"
"1082","Ollessos","1086","1","0.000000","0.000000"
"1083","Sangalo / Kebulonik","1087","1","0.000000","0.000000"
"1084","Songhor / Soba","1088","1","0.000000","0.000000"
"1085","Terik","1089","1","0.000000","0.000000"
"1086","Tindiret","1090","1","0.000000","0.000000"
"1087","Angata Barikoi","1091","1","0.000000","0.000000"
"1088","Enoosupukia","1092","1","0.000000","0.000000"
"1089","Ilkerin","1093","1","0.000000","0.000000"
"1090","Ilmotiook","1094","1","0.000000","0.000000"
"1091","Kapsasian","1095","1","0.000000","0.000000"
"1092","Keyian","1096","1","0.000000","0.000000"
"1093","Kilgoris Central","1097","1","0.000000","0.000000"
"1094","Kimintet","1098","1","0.000000","0.000000"
"1095","Loita","1099","1","0.000000","0.000000"
"1096","Lolgorian","1100","1","0.000000","0.000000"
"1097","Maji Moto / Naroosura","1101","1","0.000000","0.000000"
"1098","Mara","1102","1","0.000000","0.000000"
"1099","Melelo","1103","1","0.000000","0.000000"
"1100","Mogondo","1104","1","0.000000","0.000000"
"1101","Mosiro","1105","1","0.000000","0.000000"
"1102","Naikara","1106","1","0.000000","0.000000"
"1103","Narok Town","1107","1","0.000000","0.000000"
"1104","Nkareta","1108","1","0.000000","0.000000"
"1105","Olokurto","1109","1","0.000000","0.000000"
"1106","Ololmasani","1110","1","0.000000","0.000000"
"1107","Ololulung'a","1111","1","0.000000","0.000000"
"1108","Oloolpironito","1112","1","0.000000","0.000000"
"1109","Olorropil","1113","1","0.000000","0.000000"
"1110","Olpusimoru","1114","1","0.000000","0.000000"
"1111","Sagamian","1115","1","0.000000","0.000000"
"1112","Sagoo","1116","1","0.000000","0.000000"
"1113","Sakutiek","1117","1","0.000000","0.000000"
"1114","Shankoe","1118","1","0.000000","0.000000"
"1115","Siana","1119","1","0.000000","0.000000"
"1116","Upper Melili","1120","1","0.000000","0.000000"
"1117","Bogichora","1121","1","0.000000","0.000000"
"1118","Bokeira","1122","1","0.000000","0.000000"
"1119","Bomuragamo","1123","1","0.000000","0.000000"
"1120","Bonyamatuta","1124","1","0.000000","0.000000"
"1121","Bosamaro","1125","1","0.000000","0.000000"
"1122","Ekerenyo","1126","1","0.000000","0.000000"
"1123","Esise","1127","1","0.000000","0.000000"
"1124","Gachuba","1128","1","0.000000","0.000000"
"1125","Gesima","1129","1","0.000000","0.000000"
"1126","Itibo","1130","1","0.000000","0.000000"
"1127","Kerema","1131","1","0.000000","0.000000"
"1128","Kiabonyoru","1132","1","0.000000","0.000000"
"1129","Magombo","1133","1","0.000000","0.000000"
"1130","Magwagwa","1134","1","0.000000","0.000000"
"1131","Manga","1135","1","0.000000","0.000000"
"1132","Mekenene","1136","1","0.000000","0.000000"
"1133","Nyamaiya","1137","1","0.000000","0.000000"
"1134","Nyansiongo","1138","1","0.000000","0.000000"
"1135","Rigoma","1139","1","0.000000","0.000000"
"1136","Township","1140","1","0.000000","0.000000"
"1137","Central","1141","1","0.000000","0.000000"
"1138","Charagita","1142","1","0.000000","0.000000"
"1139","Engineer","1143","1","0.000000","0.000000"
"1140","Gathanji","1144","1","0.000000","0.000000"
"1141","Gathara","1145","1","0.000000","0.000000"
"1142","Gatimu","1146","1","0.000000","0.000000"
"1143","Geta","1147","1","0.000000","0.000000"
"1144","Githabai","1148","1","0.000000","0.000000"
"1145","Githioro","1149","1","0.000000","0.000000"
"1146","Kaimbaga","1150","1","0.000000","0.000000"
"1147","Kanjuiri Range","1151","1","0.000000","0.000000"
"1148","Karau","1152","1","0.000000","0.000000"
"1149","Kipipiri","1153","1","0.000000","0.000000"
"1150","Kiriita","1154","1","0.000000","0.000000"
"1151","Leshau / Pondo","1155","1","0.000000","0.000000"
"1152","Magumu","1156","1","0.000000","0.000000"
"1153","Mirangine","1157","1","0.000000","0.000000"
"1154","Murungaru","1158","1","0.000000","0.000000"
"1155","Njabini / Kiburu","1159","1","0.000000","0.000000"
"1156","North Kingngop","1160","1","0.000000","0.000000"
"1157","Nyakio","1161","1","0.000000","0.000000"
"1158","Rurii","1162","1","0.000000","0.000000"
"1159","Shamata","1163","1","0.000000","0.000000"
"1160","Wanjohi","1164","1","0.000000","0.000000"
"1161","Weru","1165","1","0.000000","0.000000"
"1162","Aguthi-Gaaki","1166","1","0.000000","0.000000"
"1163","Chinga","1167","1","0.000000","0.000000"
"1164","Dedan Kimathi","1168","1","0.000000","0.000000"
"1165","Gakawa","1169","1","0.000000","0.000000"
"1166","Gatarakwa","1170","1","0.000000","0.000000"
"1167","Gatitu / Muruguru","1171","1","0.000000","0.000000"
"1168","Gikondi","1172","1","0.000000","0.000000"
"1169","Iria-Ini","1173","1","0.000000","0.000000"
"1170","Iriaini","1174","1","0.000000","0.000000"
"1171","Kabaru","1175","1","0.000000","0.000000"
"1172","Kamakwa / Mukaro","1176","1","0.000000","0.000000"
"1173","Karatina Town","1177","1","0.000000","0.000000"
"1174","Karima","1178","1","0.000000","0.000000"
"1175","Kiganjo / Mathari","1179","1","0.000000","0.000000"
"1176","Kirimukuyu","1180","1","0.000000","0.000000"
"1177","Konyu","1181","1","0.000000","0.000000"
"1178","Magutu","1182","1","0.000000","0.000000"
"1179","Mahiga","1183","1","0.000000","0.000000"
"1180","Mugunda","1184","1","0.000000","0.000000"
"1181","Mukurwe-Ini Central","1185","1","0.000000","0.000000"
"1182","Mukurwe-Ini West","1186","1","0.000000","0.000000"
"1183","Mweiga","1187","1","0.000000","0.000000"
"1184","Mwiyogo / Endarasha","1188","1","0.000000","0.000000"
"1185","Naromoru / Kiamathaga","1189","1","0.000000","0.000000"
"1186","Rugi","1190","1","0.000000","0.000000"
"1187","Ruguru","1191","1","0.000000","0.000000"
"1188","Ruring'u","1192","1","0.000000","0.000000"
"1189","Rware","1193","1","0.000000","0.000000"
"1190","Thegu River","1194","1","0.000000","0.000000"
"1191","Wamagana","1195","1","0.000000","0.000000"
"1192","Angata Nayokie","1196","1","0.000000","0.000000"
"1193","Baawa","1197","1","0.000000","0.000000"
"1194","El-Barta","1198","1","0.000000","0.000000"
"1195","Lodokejek","1199","1","0.000000","0.000000"
"1196","Loosuk","1200","1","0.000000","0.000000"
"1197","Maralal","1201","1","0.000000","0.000000"
"1198","Nachola","1202","1","0.000000","0.000000"
"1199","Nyiro","1203","1","0.000000","0.000000"
"1200","Porro","1204","1","0.000000","0.000000"
"1201","Sugata Marmar","1205","1","0.000000","0.000000"
"1202","Wamba East","1206","1","0.000000","0.000000"
"1203","Wamba North","1207","1","0.000000","0.000000"
"1204","Wamba West","1208","1","0.000000","0.000000"
"1205","Waso","1209","1","0.000000","0.000000"
"1206","Alego Central","1210","1","0.000000","0.000000"
"1207","Alego South","1211","1","0.000000","0.000000"
"1208","Alego South East","1212","1","0.000000","0.000000"
"1209","Alego West","1213","1","0.000000","0.000000"
"1210","Asembo East","1214","1","0.000000","0.000000"
"1211","Asembo West","1215","1","0.000000","0.000000"
"1212","Gem Central","1216","1","0.000000","0.000000"
"1213","Gem East","1217","1","0.000000","0.000000"
"1214","Gem North","1218","1","0.000000","0.000000"
"1215","Gem South","1219","1","0.000000","0.000000"
"1216","Gem West","1220","1","0.000000","0.000000"
"1217","Sakwa Central","1221","1","0.000000","0.000000"
"1218","Sakwa North","1222","1","0.000000","0.000000"
"1219","Sakwa South","1223","1","0.000000","0.000000"
"1220","Sakwa West","1224","1","0.000000","0.000000"
"1221","Siaya Township","1225","1","0.000000","0.000000"
"1222","Sidindi","1226","1","0.000000","0.000000"
"1223","Sigomere","1227","1","0.000000","0.000000"
"1224","Uganja","1228","1","0.000000","0.000000"
"1225","Ugenya East","1229","1","0.000000","0.000000"
"1226","Ugenya North","1230","1","0.000000","0.000000"
"1227","Ugenya West","1231","1","0.000000","0.000000"
"1228","Ukwala","1232","1","0.000000","0.000000"
"1229","Usgona","1233","1","0.000000","0.000000"
"1230","Uyoma North","1234","1","0.000000","0.000000"
"1231","Uyoma West","1235","1","0.000000","0.000000"
"1232","Uyumoa South","1236","1","0.000000","0.000000"
"1233","Yala Township","1237","1","0.000000","0.000000"
"1234","Yimbo East","1238","1","0.000000","0.000000"
"1235","Yimbo West","1239","1","0.000000","0.000000"
"1236","Bomani","1240","1","0.000000","0.000000"
"1237","Bura","1241","1","0.000000","0.000000"
"1238","Chala","1242","1","0.000000","0.000000"
"1239","Chawia","1243","1","0.000000","0.000000"
"1240","Kaloleni","1244","1","0.000000","0.000000"
"1241","Kasigau","1245","1","0.000000","0.000000"
"1242","Kishushe-Wumingu","1246","1","0.000000","0.000000"
"1243","Mahoo","1247","1","0.000000","0.000000"
"1244","Marungu","1248","1","0.000000","0.000000"
"1245","Mata","1249","1","0.000000","0.000000"
"1246","Mboghoni","1250","1","0.000000","0.000000"
"1247","Mbololo","1251","1","0.000000","0.000000"
"1248","Mwanda-Mgange","1252","1","0.000000","0.000000"
"1249","Mwatete","1253","1","0.000000","0.000000"
"1250","Ngolia","1254","1","0.000000","0.000000"
"1251","Ronge","1255","1","0.000000","0.000000"
"1252","Sagala","1256","1","0.000000","0.000000"
"1253","Werugha","1257","1","0.000000","0.000000"
"1254","Wundanyi","1258","1","0.000000","0.000000"
"1255","Wusi / Kishamba","1259","1","0.000000","0.000000"
"1256","Bangale","1260","1","0.000000","0.000000"
"1257","Chewani","1261","1","0.000000","0.000000"
"1258","Chewele","1262","1","0.000000","0.000000"
"1259","Garsen Central","1263","1","0.000000","0.000000"
"1260","Garsen North","1264","1","0.000000","0.000000"
"1261","Garsen South","1265","1","0.000000","0.000000"
"1262","Garsen West","1266","1","0.000000","0.000000"
"1263","Hirimani","1267","1","0.000000","0.000000"
"1264","Kinakomba","1268","1","0.000000","0.000000"
"1265","Kipini East","1269","1","0.000000","0.000000"
"1266","Kipini West","1270","1","0.000000","0.000000"
"1267","Madogo","1271","1","0.000000","0.000000"
"1268","Mikinduni","1272","1","0.000000","0.000000"
"1269","Sala","1273","1","0.000000","0.000000"
"1270","Wayu","1274","1","0.000000","0.000000"
"1271","Chiakariga","1275","1","0.000000","0.000000"
"1272","Chogoria","1276","1","0.000000","0.000000"
"1273","Chuka","1277","1","0.000000","0.000000"
"1274","Ganga","1278","1","0.000000","0.000000"
"1275","Gatunga","1279","1","0.000000","0.000000"
"1276","Igambang'ombe","1280","1","0.000000","0.000000"
"1277","Magumoni","1281","1","0.000000","0.000000"
"1278","Mariani","1282","1","0.000000","0.000000"
"1279","Marimanti","1283","1","0.000000","0.000000"
"1280","Mitheru","1284","1","0.000000","0.000000"
"1281","Mugwe","1285","1","0.000000","0.000000"
"1282","Mukothima","1286","1","0.000000","0.000000"
"1283","Muthambi","1287","1","0.000000","0.000000"
"1284","Mwimbi","1288","1","0.000000","0.000000"
"1285","Nkondi","1289","1","0.000000","0.000000"
"1286","Bidii","1290","1","0.000000","0.000000"
"1287","Chepchoina","1291","1","0.000000","0.000000"
"1288","Chepsiro / Kiptoror","1292","1","0.000000","0.000000"
"1289","Cherangany / Suwerwa","1293","1","0.000000","0.000000"
"1290","Enedebess","1294","1","0.000000","0.000000"
"1291","Hospital","1295","1","0.000000","0.000000"
"1292","Kaplamai","1296","1","0.000000","0.000000"
"1293","Kapomboi","1297","1","0.000000","0.000000"
"1294","Keiyo","1298","1","0.000000","0.000000"
"1295","Kiminini","1299","1","0.000000","0.000000"
"1296","Kinyoro","1300","1","0.000000","0.000000"
"1297","Kwanza","1301","1","0.000000","0.000000"
"1298","Machewa","1302","1","0.000000","0.000000"
"1299","Makutano","1303","1","0.000000","0.000000"
"1300","Matisi","1304","1","0.000000","0.000000"
"1301","Matumbei","1305","1","0.000000","0.000000"
"1302","Motosiet","1306","1","0.000000","0.000000"
"1303","Nabiswa","1307","1","0.000000","0.000000"
"1304","Saboti","1308","1","0.000000","0.000000"
"1305","Sikhendu","1309","1","0.000000","0.000000"
"1306","Sinyerere","1310","1","0.000000","0.000000"
"1307","Sirende","1311","1","0.000000","0.000000"
"1308","Sitatunga","1312","1","0.000000","0.000000"
"1309","Tuwani","1313","1","0.000000","0.000000"
"1310","Waitaluk","1314","1","0.000000","0.000000"
"1311","Kaaleng / Kaikor","1315","1","0.000000","0.000000"
"1312","Kaeris","1316","1","0.000000","0.000000"
"1313","Kakuma","1317","1","0.000000","0.000000"
"1314","Kalapata","1318","1","0.000000","0.000000"
"1315","Kalobeyei","1319","1","0.000000","0.000000"
"1316","Kalokol","1320","1","0.000000","0.000000"
"1317","Kanamkemer","1321","1","0.000000","0.000000"
"1318","Kang'atotha","1322","1","0.000000","0.000000"
"1319","Kapedo / Napeitom","1323","1","0.000000","0.000000"
"1320","Kaputir","1324","1","0.000000","0.000000"
"1321","Katilia","1325","1","0.000000","0.000000"
"1322","Katilu","1326","1","0.000000","0.000000"
"1323","Kerio Delta","1327","1","0.000000","0.000000"
"1324","Kibish","1328","1","0.000000","0.000000"
"1325","Kotaruk / Lobei","1329","1","0.000000","0.000000"
"1326","Lakezone","1330","1","0.000000","0.000000"
"1327","Lapur","1331","1","0.000000","0.000000"
"1328","Letea","1332","1","0.000000","0.000000"
"1329","Lobokat","1333","1","0.000000","0.000000"
"1330","Lodwar Township","1334","1","0.000000","0.000000"
"1331","Loima","1335","1","0.000000","0.000000"
"1332","Lokichar","1336","1","0.000000","0.000000"
"1333","Lokichoggio","1337","1","0.000000","0.000000"
"1334","Lokiriama / Lorengippi","1338","1","0.000000","0.000000"
"1335","Lokori / Kochodin","1339","1","0.000000","0.000000"
"1336","Lopur","1340","1","0.000000","0.000000"
"1337","Nakalale","1341","1","0.000000","0.000000"
"1338","Nanaam","1342","1","0.000000","0.000000"
"1339","Songot","1343","1","0.000000","0.000000"
"1340","Turkwel","1344","1","0.000000","0.000000"
"1341","Ainabkoi / Olare","1345","1","0.000000","0.000000"
"1342","Cheptiret / Kipchamo","1346","1","0.000000","0.000000"
"1343","Kamagut","1347","1","0.000000","0.000000"
"1344","Kapkures","1348","1","0.000000","0.000000"
"1345","Kapsoya","1349","1","0.000000","0.000000"
"1346","Kaptagat","1350","1","0.000000","0.000000"
"1347","Kapyemit","1351","1","0.000000","0.000000"
"1348","Karuna / Meibeki","1352","1","0.000000","0.000000"
"1349","Kimumu","1353","1","0.000000","0.000000"
"1350","Kipkenyo","1354","1","0.000000","0.000000"
"1351","Kiplombe","1355","1","0.000000","0.000000"
"1352","Kipsomba","1356","1","0.000000","0.000000"
"1353","Koisagat / Kapsang","1357","1","0.000000","0.000000"
"1354","Kuinet / Kapsuswa","1358","1","0.000000","0.000000"
"1355","Langas","1359","1","0.000000","0.000000"
"1356","Megun","1360","1","0.000000","0.000000"
"1357","Moi's Bridge","1361","1","0.000000","0.000000"
"1358","Moiben","1362","1","0.000000","0.000000"
"1359","Ngenyilel","1363","1","0.000000","0.000000"
"1360","Ngeria","1364","1","0.000000","0.000000"
"1361","Racecourse","1365","1","0.000000","0.000000"
"1362","Segero","1366","1","0.000000","0.000000"
"1363","Sergoit","1367","1","0.000000","0.000000"
"1364","Simat / Kapseret","1368","1","0.000000","0.000000"
"1365","Soy","1369","1","0.000000","0.000000"
"1366","Tapsagoi","1370","1","0.000000","0.000000"
"1367","Tarakwa","1371","1","0.000000","0.000000"
"1368","Tembelio","1372","1","0.000000","0.000000"
"1369","Tulwet / Chiyat","1373","1","0.000000","0.000000"
"1370","Ziwa","1374","1","0.000000","0.000000"
"1371","Banja","1375","1","0.000000","0.000000"
"1372","Busali","1376","1","0.000000","0.000000"
"1373","Central Bunyore","1377","1","0.000000","0.000000"
"1374","Central Maragoli","1378","1","0.000000","0.000000"
"1375","Chavakali","1379","1","0.000000","0.000000"
"1376","Emabungo","1380","1","0.000000","0.000000"
"1377","Gisambai","1381","1","0.000000","0.000000"
"1378","Jepkoyai","1382","1","0.000000","0.000000"
"1379","Luanda South","1383","1","0.000000","0.000000"
"1380","Luanda Township","1384","1","0.000000","0.000000"
"1381","Lugaga-Wamuluma","1385","1","0.000000","0.000000"
"1382","Lyaduywa / Izava","1386","1","0.000000","0.000000"
"1383","Muhudu","1387","1","0.000000","0.000000"
"1384","Mungoma","1388","1","0.000000","0.000000"
"1385","Mwibona","1389","1","0.000000","0.000000"
"1386","North East Bunyore","1390","1","0.000000","0.000000"
"1387","North Maragoli","1391","1","0.000000","0.000000"
"1388","Sabatia West","1392","1","0.000000","0.000000"
"1389","Shamakhokho","1393","1","0.000000","0.000000"
"1390","Shiru","1394","1","0.000000","0.000000"
"1391","South Maragoli","1395","1","0.000000","0.000000"
"1392","Tambua","1396","1","0.000000","0.000000"
"1393","Wemilabi","1397","1","0.000000","0.000000"
"1394","West Bunyore","1398","1","0.000000","0.000000"
"1395","Wodanga","1399","1","0.000000","0.000000"
"1396","Ademasajide","1400","1","0.000000","0.000000"
"1397","Arbajahan","1401","1","0.000000","0.000000"
"1398","Barwago","1402","1","0.000000","0.000000"
"1399","Batalu","1403","1","0.000000","0.000000"
"1400","Benane","1404","1","0.000000","0.000000"
"1401","Buna","1405","1","0.000000","0.000000"
"1402","Burder","1406","1","0.000000","0.000000"
"1403","Bute","1407","1","0.000000","0.000000"
"1404","Dadaja Bulla","1408","1","0.000000","0.000000"
"1405","Danaba","1409","1","0.000000","0.000000"
"1406","Della","1410","1","0.000000","0.000000"
"1407","El Nur / Tula Tula","1411","1","0.000000","0.000000"
"1408","Elben","1412","1","0.000000","0.000000"
"1409","Eldas","1413","1","0.000000","0.000000"
"1410","Ganyure","1414","1","0.000000","0.000000"
"1411","Godoma","1415","1","0.000000","0.000000"
"1412","Gurar","1416","1","0.000000","0.000000"
"1413","Habaswein","1417","1","0.000000","0.000000"
"1414","Hadado / Athibohol","1418","1","0.000000","0.000000"
"1415","Ibrahim Ure","1419","1","0.000000","0.000000"
"1416","Khorof-Harar","1420","1","0.000000","0.000000"
"1417","Korondile","1421","1","0.000000","0.000000"
"1418","Lagboghol South","1422","1","0.000000","0.000000"
"1419","Lakoley South / Basir","1423","1","0.000000","0.000000"
"1420","Sarman","1424","1","0.000000","0.000000"
"1421","Tarbaj","1425","1","0.000000","0.000000"
"1422","Township","1426","1","0.000000","0.000000"
"1423","Wagalla","1427","1","0.000000","0.000000"
"1424","Wagberi","1428","1","0.000000","0.000000"
"1425","Wargadud","1429","1","0.000000","0.000000"
"1426","Alale","1430","1","0.000000","0.000000"
"1427","Batei","1431","1","0.000000","0.000000"
"1428","Chepareria","1432","1","0.000000","0.000000"
"1429","Endugh","1433","1","0.000000","0.000000"
"1430","Kapchok / Konyao","1434","1","0.000000","0.000000"
"1431","Kapenguria","1435","1","0.000000","0.000000"
"1432","Kasei","1436","1","0.000000","0.000000"
"1433","Kiwawa","1437","1","0.000000","0.000000"
"1434","Kodich","1438","1","0.000000","0.000000"
"1435","Lelan","1439","1","0.000000","0.000000"
"1436","Lomut","1440","1","0.000000","0.000000"
"1437","Masool","1441","1","0.000000","0.000000"
"1438","Mnagei","1442","1","0.000000","0.000000"
"1439","Riwo","1443","1","0.000000","0.000000"
"1440","Sekerr","1444","1","0.000000","0.000000"
"1441","Siyoi","1445","1","0.000000","0.000000"
"1442","Sook","1446","1","0.000000","0.000000"
"1443","Suam","1447","1","0.000000","0.000000"
"1444","Tapach","1448","1","0.000000","0.000000"
"1445","Wei Wei","1449","1","0.000000","0.000000"
"1446","Other","1450","1","0.000000","0.000000"
"1447","Kisii Township","1450","0","0.673198","35.508450"
"1448","Kisumu","1450","0","0.673198","35.508450"
"1449","Nakuru","1450","0","0.673198","35.508450"
"1450","Nairobi","1450","0","0.673198","35.508450"
"1451","Umoja","1450","0","0.673198","35.508450"
"1452","Nairobi Kisumu","1450","0","0.673198","35.508450"
"1453","Utawala","1450","0","0.673198","35.508450"
"1454","Ongata-Rongai","1450","0","0.673198","35.508450"
"1455","Mwembe","1450","0","0.673198","35.508450"
"1456","Nairobi Satellite","1450","0","0.673198","35.508450"
"1457","Workers Estate Nakuru","1450","0","0.673198","35.508450"
"1458","Nakuru Kiti","1450","0","0.673198","35.508450"
"1459","N Ma Digits 1234","1450","0","0.673198","35.508450"
"1460","Pondamali","1450","0","0.673198","35.508450"
"1461","Living At Changamwe Mombasa","1450","0","0.673198","35.508450"
"1462","Mumias","1450","0","0.673198","35.508450"
"1463","Kiamariga","1450","0","0.673198","35.508450"
"1464","Bungoma","1450","0","0.673198","35.508450"
"1465","Nalondo Bungoma","1450","0","0.673198","35.508450"
"1466","Sec 58","1450","0","0.673198","35.508450"
"1467","Nyeri","1450","0","0.673198","35.508450"
"1468","Thika","1450","0","0.673198","35.508450"
"1469","Isongo","1450","0","0.673198","35.508450"
"1470","Othaya Nyeri","1450","0","0.673198","35.508450"
"1471","Othaya","1450","0","0.673198","35.508450"
"1472","South B","1450","0","0.673198","35.508450"
"1473","Mogoon","1450","0","0.673198","35.508450"
"1474","Password 6541 Karatina","1450","0","0.673198","35.508450"
"1475","Ekero","1450","0","0.673198","35.508450"
"1476","Pn 0625 Karatina","1450","0","0.673198","35.508450"
"1477","Lanet","1450","0","0.673198","35.508450"
"1478","Kiti","1450","0","0.673198","35.508450"
"1479","M4 A002417000C Facilitator","1450","0","0.673198","35.508450"
"1480","Town Ruiru","1450","0","0.673198","35.508450"
"1481","Magongo","1450","0","0.673198","35.508450"
"1482","Bamburi","1450","0","0.673198","35.508450"
"1483","Mombasa","1450","0","0.673198","35.508450"
"1484","Majengo Mombasa","1450","0","0.673198","35.508450"
"1485","N Live In Kisauni Mombasa","1450","0","0.673198","35.508450"
"1486","Mshomoroni","1450","0","0.673198","35.508450"
"1487","Kisauni","1450","0","0.673198","35.508450"
"1488","Mishomoroni","1450","0","0.673198","35.508450"
"1489","Mombasa Likoni","1450","0","0.673198","35.508450"
"1490","Mtopanga Estate Bamburi Msa","1450","0","0.673198","35.508450"
"1491","Live In Kaptembwo Nakuru West","1450","0","0.673198","35.508450"
"1492","0727002515","1450","0","0.673198","35.508450"
"1493","I Stay At Bakarani Bamburi","1450","0","0.673198","35.508450"
"1494","Chwele","1450","0","0.673198","35.508450"
"1495","Karatina","1450","0","0.673198","35.508450"
"1496","Ruiru","1450","0","0.673198","35.508450"
"1497","Kisauni Mombasa","1450","0","0.673198","35.508450"
"1498","Mikindani In Mombasa","1450","0","0.673198","35.508450"
"1499","Mikindani Ni Mombasa","1450","0","0.673198","35.508450"
"1500","Ng Era Estate","1450","0","0.673198","35.508450"
"1501","Lived In Likoni","1450","0","0.673198","35.508450"
"1502","Langalanga","1450","0","0.673198","35.508450"
"1503","Residence Shauri Yako Estate","1450","0","0.673198","35.508450"
"1504","Nakuru Town","1450","0","0.673198","35.508450"
"1505","Egerton Nakuru","1450","0","0.673198","35.508450"
"1506","Bagladesh Nakuru","1450","0","0.673198","35.508450"
"1507","Ilive In Nakuru","1450","0","0.673198","35.508450"
"1508","Nguluni","1450","0","0.673198","35.508450"
"1509","Manyani Estate","1450","0","0.673198","35.508450"
"1510","Eldoret Town","1450","0","0.673198","35.508450"
"1511","Eldoret","1450","0","0.673198","35.508450"
"1512","Kisii","1450","0","0.673198","35.508450"
"1513","Nakuru Pangani","1450","0","0.673198","35.508450"
"1514","Carwash","1450","0","0.673198","35.508450"
"1515","Ksm Kondele","1450","0","0.673198","35.508450"
"1516","Kisumu Town","1450","0","0.673198","35.508450"
"1517","Nyalenda","1450","0","0.673198","35.508450"
"1518","Misikhu","1450","0","0.673198","35.508450"
"1519","Is Misikhu","1450","0","0.673198","35.508450"
"1520","Mombasa Changamwe","1450","0","0.673198","35.508450"
"1521","Makupa","1450","0","0.673198","35.508450"
"1522","Resident Eldoret Hawai Estate","1450","0","0.673198","35.508450"
"1523","Makupa Asian Quarters","1450","0","0.673198","35.508450"
"1524","Malindi","1450","0","0.673198","35.508450"
"1525","Makupa Mombasa","1450","0","0.673198","35.508450"
"1526","Makupa Asian Quarterz","1450","0","0.673198","35.508450"
"1527","Mombasa Tononoka","1450","0","0.673198","35.508450"
"1528","Njoro","1450","0","0.673198","35.508450"
"1529","Home Nakuru Town","1450","0","0.673198","35.508450"
"1530","Kipkabus","1450","0","0.673198","35.508450"
"1531","Kiamunyi","1450","0","0.673198","35.508450"
"1532","Freeh","1450","0","0.673198","35.508450"
"1533","Kanyadoto West","1450","0","0.673198","35.508450"
"1534","Living In Pangani Estate","1450","0","0.673198","35.508450"
"1535","Bamburi Mombasa","1450","0","0.673198","35.508450"
"1536","Kariobangi","1450","0","0.673198","35.508450"
"1537","Nairobi Embakasi Ward","1450","0","0.673198","35.508450"
"1538","Estate Freeh Nakuru","1450","0","0.673198","35.508450"
"1539","Freeh Nakuru","1450","0","0.673198","35.508450"
"1540","Subukia","1450","0","0.673198","35.508450"
"1541","I Live Kariobangi South","1450","0","0.673198","35.508450"
"1542","Nairobi Kariobangi Ward","1450","0","0.673198","35.508450"
"1543","Nairobi Kiamaiko Ward","1450","0","0.673198","35.508450"
"1544","Kakamega Marama Ward","1450","0","0.673198","35.508450"
"1545","Kakamega Busia Ward","1450","0","0.673198","35.508450"
"1546","Kiti Teachers","1450","0","0.673198","35.508450"
"1547","Nakuru Naka","1450","0","0.673198","35.508450"
"1548","Rescourse","1450","0","0.673198","35.508450"
"1549","Kenlands","1450","0","0.673198","35.508450"
"1550","Pipeline Nakuru","1450","0","0.673198","35.508450"
"1551","Nakuru County","1450","0","0.673198","35.508450"
"1552","Juja, Kiambu","1450","0","0.673198","35.508450"
"1553","Kegondi","1450","0","0.673198","35.508450"
"1554","Mathare North Nairobi","1450","0","0.673198","35.508450"
"1555","Po Box 60 Rumuruti","1450","0","0.673198","35.508450"
"1556","N I Live In Mawanga","1450","0","0.673198","35.508450"
"1557","Yeas Lives In Nakuru","1450","0","0.673198","35.508450"
"1558","Ngata","1450","0","0.673198","35.508450"
"1559","Town Nakuru Estate Mawanga","1450","0","0.673198","35.508450"
"1560","Meru","1450","0","0.673198","35.508450"
"1561","Town Nakuru Eastate Mawanga","1450","0","0.673198","35.508450"
"1562","Kisiitown Darajambili","1450","0","0.673198","35.508450"
"1563","Kabachia","1450","0","0.673198","35.508450"
"1564","Gitimbine Meru","1450","0","0.673198","35.508450"
"1565","Kericho","1450","0","0.673198","35.508450"
"1566","From Meru","1450","0","0.673198","35.508450"
"1567","Meru Town","1450","0","0.673198","35.508450"
"1568","Sogon Sublocation","1450","0","0.673198","35.508450"
"1569","Resident Kisumu","1450","0","0.673198","35.508450"
"1570","Kaptebeswet","1450","0","0.673198","35.508450"
"1571","Mawanga","1450","0","0.673198","35.508450"
"1572","Molo","1450","0","0.673198","35.508450"
"1573","Homa Bay","1450","0","0.673198","35.508450"
"1574","Meru Nairobi","1450","0","0.673198","35.508450"
"1575","I Live In Eldoret","1450","0","0.673198","35.508450"
"1576","From Bungoma Town","1450","0","0.673198","35.508450"
"1577","And I Stay At Kericho Town","1450","0","0.673198","35.508450"
"1578","I Live At Mombasa Kisimani","1450","0","0.673198","35.508450"
"1579","Lumumba","1450","0","0.673198","35.508450"
"1580","Bomet","1450","0","0.673198","35.508450"
"1581","Residense Kericho","1450","0","0.673198","35.508450"
"1582","Ngara Nairobi","1450","0","0.673198","35.508450"
"1583","Mombasa Kisimani","1450","0","0.673198","35.508450"
"1584","Nyagacho Kericho","1450","0","0.673198","35.508450"
"1585","Dafael","1450","0","0.673198","35.508450"
"1586","Embassy","1450","0","0.673198","35.508450"
"1587","Live At Kericho","1450","0","0.673198","35.508450"
"1588","Kericho West","1450","0","0.673198","35.508450"
"1589","From Thuura Meru","1450","0","0.673198","35.508450"
"1590","Bangladesh","1450","0","0.673198","35.508450"
"1591","Bahati","1450","0","0.673198","35.508450"
"1592","Langalanga Nakuru","1450","0","0.673198","35.508450"
"1593","Stadium","1450","0","0.673198","35.508450"
"1594","Kapsoit Box 638 Kericho County","1450","0","0.673198","35.508450"
"1595","Kericho Nyagacho","1450","0","0.673198","35.508450"
"1596","Ngainet","1450","0","0.673198","35.508450"
"1597","Kisii Town","1450","0","0.673198","35.508450"
"1598","Place Nakuru","1450","0","0.673198","35.508450"
"1599","Kericho Kapsoit","1450","0","0.673198","35.508450"
"1600","Kabarack","1450","0","0.673198","35.508450"
"1601","Pipeline Nairobi","1450","0","0.673198","35.508450"
"1602","Mwariki","1450","0","0.673198","35.508450"
"1603","Nakuru In Pangani Estate","1450","0","0.673198","35.508450"
"1604","Nakuru Kenya","1450","0","0.673198","35.508450"
"1605","Lives In Mombasa Kenya","1450","0","0.673198","35.508450"
"1606","Donholm","1450","0","0.673198","35.508450"
"1607","Siaya","1450","0","0.673198","35.508450"
"1608","Lives In Nakuru","1450","0","0.673198","35.508450"
"1609","Kabachia Ebony","1450","0","0.673198","35.508450"
"1610","Kivumbini Estate","1450","0","0.673198","35.508450"
"1611","Nakuru 58","1450","0","0.673198","35.508450"
"1612","Kaloleni Nakuru","1450","0","0.673198","35.508450"
"1613","Nakuru Langalanga","1450","0","0.673198","35.508450"
"1614","From Nakuru","1450","0","0.673198","35.508450"
"1615","Live At Donholm","1450","0","0.673198","35.508450"
"1616","Live In Kayole","1450","0","0.673198","35.508450"
"1617","Lives In Kayole","1450","0","0.673198","35.508450"
"1618","Kayole","1450","0","0.673198","35.508450"
"1619","From Umoja Nairobi","1450","0","0.673198","35.508450"
"1620","Kayole Junction","1450","0","0.673198","35.508450"
"1621","Murang A","1450","0","0.673198","35.508450"
"1622","Section 58","1450","0","0.673198","35.508450"
"1623","From Ngara","1450","0","0.673198","35.508450"
"1624","Thika Road Muthaiga","1450","0","0.673198","35.508450"
"1625","Home Buruburu","1450","0","0.673198","35.508450"
"1626","Telaviv","1450","0","0.673198","35.508450"
"1627","Lives In Pangani Estate Nakuru","1450","0","0.673198","35.508450"
"1628","Kibra","1450","0","0.673198","35.508450"
"1629","I Live Nakuru Lanet Kiamunyeki","1450","0","0.673198","35.508450"
"1630","Dandora","1450","0","0.673198","35.508450"
"1631","Yeares Nakuru","1450","0","0.673198","35.508450"
"1632","Yahoo Com","1450","0","0.673198","35.508450"
"1633","Thuura Meru","1450","0","0.673198","35.508450"
"1634","Nakuru Milimani","1450","0","0.673198","35.508450"
"1635","Place Lanet Umoja Nakuru","1450","0","0.673198","35.508450"
"1636","Greensted","1450","0","0.673198","35.508450"
"1637","Iten","1450","0","0.673198","35.508450"
"1638","Pahali Kwingine","1450","0","0.673198","35.508450"
